Adress,City,Street name,Postal code,Latitude,Longitude,Monthly rent,Aconto,Square meters,Rooms,Floor,Property type,Furnished,Shareable,Pets allowed,Elevator,Senior frendly,Only for students,Balcony/Terrace,Parking,Energy label,Description,Link
"Sjelborg Strandvej, 6710 Esbjerg, Esbjerg V",Esbjerg,Sjelborg Strandvej,6710,55.54125,8.335588,6.995 kr.,1.500 kr.,93 m¬≤,4,-,Lejlighed,Nej,Nej,Nej,Nej,Ja,Nej,Ja,Ja,G,"200 til Stranden og 100 meter til skoven ligger disse 93 m2 + stor egen terrasse og have, tilbygget og 100 % renoveret for 10 √•r siden.
Entre med skab. Stor sovev√¶relse med skabsv√¶g, badev√¶relse med bruser, bord med nedf√¶ldet vask, gulvvarme. Spisestue med √•ben forbindelse til k√∏kken med komfur, emh√¶tte, opvaskemaskine, k√∏leskab, samt udgang til g√•rden. TV stue med udgang til egen terrasse og haven. v√¶relse med skabe.",https://www.boligportal.dk/lejligheder/esbjerg/93m2-4-vaer-id-5328530
"Jens Baggesens Vej, 8200 Aarhus, Aarhus N  - 3. sal",Aarhus,Jens Baggesens Vej,8200,56.169551,10.191855,9.900 kr.,800 kr.,77 m¬≤,3,3.,Lejlighed,Nej,Ja,Nej,Ja,Nej,Ja,Nej,Ja,N/A,"Dr√∏mmer du om at bo t√¶t p√• Aarhus Universitet og have alle bekvemmeligheder lige uden for d√∏ren? S√• b√∏r du kigge n√¶rmere p√• vores nyopf√∏rte ejendom ‚Äì Labyrinthen, som best√•r af l√¶kre 1-v√¶relses og 3-v√¶relses studieboliger. 

Lejlighedens to v√¶relser og k√∏kken-alrum danner de perfekte rammer til parret eller to studerende, som √∏nsker at dele lejlighed.

Hjertet i lejligheden er alrummet/stuen som ligger i √•ben forbindelse med det l√¶kre k√∏kken. K√∏kkenet er funktionelt og stilfuldt indrettet med alt i moderne hvidevare og smart opbevaringsplads. Alrummet giver plads til stort spisebord eller evt. f√¶lles stue. De to sovev√¶relser er rummelige og indretningsvenlige. Badev√¶relset er l√¶kkert og rummeligt, med fokus p√• funktionalitet og √¶stetik. 
Grib chancen for at blive en del af det livlige universitetsomr√•de og kontakt os i dag for at arrangere en fremvisning. Vi ser frem til at byde dig velkommen til dit nye hjem!

Beliggende i det popul√¶re universitetsomr√•de tilbyder lejlighederne en ideel kombination af komfort, praktisk beliggenhed og moderne design. Med sin n√¶rhed til Universitetet er det den perfekte boligl√∏sning for studerende, der √∏nsker at v√¶re t√¶t p√• akademiske institutioner og alt det pulserende studieliv.

Omr√•det er blomstret op som universitetsparkens lillebror og serverer med sine mange boliger, butikker, fitnesscenter og gr√∏nne frirum et attraktivt alternativ til Aarhus midtby. Der er kort afstand til indk√∏bs- og fitnesscenter samt gode busforbindelser til b√•de City og det √∏vrige Aarhus. Herudover er der kun f√• minutters gang til Letbanen, som hurtigt bringer dig enten ind- eller ud af Smilets by.

Bebor sammens√¶tningen er studerende, unge mennesker og par. Meget velfungerende boligforening med ansat vicev√¶rt og gode f√¶llesfaciliteter, herunder f√¶lles vaskeri, depotrum til alle lejligheder, samt cykel k√¶lder. Ligeledes bliver der mulighed for leje af privat P-plads i afl√•st k√¶lder. Der m√• ikke holdes husdyr i ejendommen.",https://www.boligportal.dk/lejligheder/aarhus/77m2-3-vaer-id-5377477
N/A,NaN,NaN,NaN,,,N/A,N/A,N/A,N/A,N/A,N/A,N/A,N/A,N/A,N/A,N/A,N/A,N/A,N/A,N/A,N/A,https://www.boligportal.dk/lejligheder/aalborg/49m2-2-vaer-id-5297418
"Sj√¶ls√∏ Alle, 3450 Aller√∏d",Aller√∏d,Sj√¶ls√∏ Alle,3450,55.870163,12.387052,16.995 kr.,470 kr.,125 m¬≤,3,-,R√¶kkehus,Nej,Ja,Ja,Nej,Nej,Nej,Nej,Nej,N/A,"R√¶kkehuset henvender sig b√•de til unge og √¶ldre - og sm√• som st√∏rre familier.
R√¶kkehuset har egen have/terrasse og med adgang til en japansk inspireret have placeret p√• f√¶llesarealet midt i bebyggelsen. R√¶kkehuset er opf√∏rt i kvalitetsmaterialer og med alt i h√•rde hvidevarer.

R√¶kkehuset rummer entr√©, bryggers, badev√¶relse og √•bent k√∏kken/alrum/opholdsstue med udgang til egen have/terrasse. Huset inde-
holder 2 sovev√¶relser og et bade-v√¶relse. 

R√¶kkehusene er beliggende i et stille villakvarter i Blovstr√∏d. Alligevel er du t√¶t p√• b√•de dagligvareindk√∏b og institutioner. Der er 2 km til Aller√∏d Station og bussen stopper lige udenfor d√∏ren.

OBS: Billederne er fra en pr√∏vebolig",https://www.boligportal.dk/r%C3%A6kkehuse/aller%C3%B8d/125m2-3-vaer-id-4928650
"S√∏torvet, 4330 Hvals√∏  - 1. sal",Hvals√∏,S√∏torvet,4330,55.592402,11.861734,10.565 kr.,0 kr.,93 m¬≤,3,1.,Lejlighed,Nej,Nej,Nej,Nej,Nej,Nej,Ja,Ja,A,"Boligen er placeret centralt i Hvals√∏ med butikker, skole, b√∏rnehave/vuggestue, sportshaller, tennis-
baner, bibliotek, biograf og stationen indenfor f√• hundrede meter.
Boligen er indrettet med HTH k√∏kken, indeholdende k√∏le/fryseskab, kogeplade, ovn og emh√¶tte.
Badev√¶relset er indrettet med stor bruseniche, st√∏bt bordplade med vask, v√¶gh√¶ngt toilet og forberedt installation til vaskemaskine og t√∏rretumbler.
For yderligere information, skriv gerne",https://www.boligportal.dk/lejligheder/hvals%C3%B8/93m2-3-vaer-id-5370682
"Vilhelm Ehlerts Alle, 8800 Viborg  - 2. sal",Viborg,Vilhelm Ehlerts Alle,8800,56.44731,9.391186,4.400 kr.,0 kr.,36 m¬≤,1,2.,Lejlighed,Nej,Nej,Ja,Ja,Nej,Nej,Ja,Ja,A,"P√• VEA finder du denne lyse og energivenlige etv√¶relses lejlighed med h√∏jt til loftet. Her kan der indrettes en fantastisk mini-bolig, hvor der er plads til det vigtigste i hverdagen. Spar penge p√• boligposten og f√• st√∏rre r√•derum til oplevelser og hygge!

K√∏kken-alrum og stue
Her tr√¶der du direkte ind i lejlighedens k√∏kken-alrum, som indeholder plads til b√•de et k√∏kken- og stueomr√•de. Du kan desuden indrette dig med et bord, som kan bruges til b√•de lektiel√¶sning eller hyggelige madaftener med vennerne

Badev√¶relse
Lejlighedens stilrene badev√¶relse indeholder b√•de toilet, h√•ndvask og separat bruseniche. Her har du samtidig mulighed for at s√¶tte vasket√∏jskurven, s√• du nemt og bekvemt kan holde orden p√• vasket√∏jet.

F√¶lles faciliteter
Foruden egen lejlighed har du ogs√• adgang til et aktivitetshus. Her finder du blandt andet vaskefaciliteter i vaskeriet, s√• du let kan f√• styr p√• vasket√∏jet.

Uderum
Du f√•r adgang til det etablerede gr√∏nne g√•rdmilj√∏, som er til f√¶lles brug mellem boligerne. Her er plads til at nyde solens str√•ler eller m√•ske rykke studiel√¶sningen udenfor i de lune sommerdage.

I k√¶lderen under byggeriet er der parkering til biler og cykler, samt mindre k√¶lderrum. Det er ogs√• muligt at parkere sin bil i g√•rdrummet. Har du elbil, s√• er der ogs√• mulighed for at oplade disse p√• udvalgte pladser.

Forbrug afregnes direkte med forsyningsv√¶rkerne.
Vi afl√¶ser m√•lerne p√• indflytningsdagen og herefter tilmelder vi lejer til de respektive forsyningsv√¶rker.

Det er tilladt at holde op til 2. stk. husdyr mod godkendelse fra udlejer. Visse hunderacer m√• vi desv√¶rre sige nej til grundet race, st√∏rrelse og temperament.

Billederne er taget i 4 forskellige lejligheder, s√•ledes man kan danne sig et indtryk af de forskellige indretningsmuligheder.",https://www.boligportal.dk/lejligheder/viborg/36m2-1-vaer-id-5368952
"N√∏rregade, 7100 Vejle  - 1. sal",Vejle,N√∏rregade,7100,55.710642,9.534876,6.975 kr.,750 kr.,72 m¬≤,2,1.,Lejlighed,Nej,Nej,Nej,Nej,Nej,Nej,Ja,Ja,A,"Friskbagt br√∏d, indk√∏b og street-food lige udenfor d√∏ren. 

Velkommen til nybygget lejlighed i Vejle Centrum. Denne lejligheder er lavet til parret, singlen eller den lille familie, som s√¶tter pris p√• central beliggenhed men ikke √∏nsker at g√• p√• kompromis med funktionalitet. Paladspassagens boliger er holdt i en enkelt stil tilsat kul√∏rte facadefarver.

I lejligheden kan du v√•gne til duften af friskbagt br√∏d fra luksus-bageri p√• modsatte side af gaden og afslutte dagen med street-food og et spil pool hos Paladspassagen. Tilsvarende ligge F√∏tex og str√∏gets butikker lige udenfor din hovedd√∏r. Der kan k√∏bes beboer-parkeringskont til P-husene Albert og Trondur, som begge ligger 3 min fra lejligheden.  

Boligerne er indrettet med fokus p√• et stort opholdsrum, som er et naturligt samlingspunkt for lejlighedens beboere. I forl√¶ngelse af det √•bne k√∏kken med opvaskemaskine er der plads til b√•de spisebord og sofagruppe. Lejligheden indeholder velindrettet badev√¶relse med separat brus, vaskearrangement og stort spejl med lys og stort depotrum. Til lejligheden h√∏rer kombineret vaskemaskine/t√∏rretumbler. Lejligheden indeholder desuden et kammer/hjemmekontor/Walk-in med skabsv√¶g. Lejligheden indeholder desuden et reguleret sovev√¶relse. Lejligheden kan ogs√• udlejes som 1 1/2-v√¶relses med st√∏rre stue og intet sovev√¶relse.

Fra lejligheden er der via dobbeltfl√∏jet terrassed√∏r udgang til en dejlig altan.

Fremvisninger onsdag eller efter n√¶rmere aftale",https://www.boligportal.dk/lejligheder/vejle/72m2-2-vaer-id-5178308
"Toftevej, 9460 Brovst  - 2. sal",Brovst,Toftevej,9460,57.099297,9.520424,7.564 kr.,900 kr.,115 m¬≤,4,2.,Lejlighed,Nej,Nej,Nej,Nej,Nej,Nej,Nej,Nej,N/A,"Description is coming
For at kunne leje denne bolig, kr√¶ver det man er medlem af boligforeningen. P√• BoligPortal annonceres kun reelt ledige boliger uden eksisterende venteliste p√• annonceringstidspunktet. Venligst kontakt udlejer hvis du er interesseret i lejem√•let.",https://www.boligportal.dk/lejligheder/brovst/115m2-4-vaer-id-5354269
"Vilhelm Ehlerts Alle, 8800 Viborg  - 2. sal",Viborg,Vilhelm Ehlerts Alle,8800,56.447841,9.3952,3.058 kr.,975 kr.,35 m¬≤,1,2.,Lejlighed,Nej,Nej,Nej,Ja,Nej,Ja,Nej,Nej,N/A,"Byens nye kollegie i Banebyen. Lige overfor Midtbyens Gymnasium. Kort g√•afstand til alt - b√•de byens g√•gade milj√∏, natteliv, bibliotek og indk√∏bsmuligheder.

Mandag: 9-13
Tirsdag: 9-13 & 15-16.30
Onsdag: 9-13
Torsdag: 9-13 & 15-16.30
Fredag: 9-13

For at kunne leje denne bolig, kr√¶ver det man er medlem af boligforeningen. P√• BoligPortal annonceres kun reelt ledige boliger uden eksisterende venteliste p√• annonceringstidspunktet. Venligst kontakt udlejer hvis du er interesseret i lejem√•let.",https://www.boligportal.dk/lejligheder/viborg/35m2-1-vaer-id-5378765
"Islands Brygge, 2300 K√∏benhavn, K√∏benhavn S  - 2. sal",K√∏benhavn,Islands Brygge,2300,55.658052,12.567339,15.000 kr.,900 kr.,80 m¬≤,1,2.,Lejlighed,Nej,Nej,Nej,Ja,Nej,Nej,Ja,Ja,N/A,"High-end atelier med egen altan 
Store lysindfald, polerede betongulve og urbane rumforhold. 
Velkommen til en Atelier-lejlighed i det ikoniske A-House ved Islands Brygge havnefront. 

Her bor du i en unik 1-2-v√¶relses lejebolig, der inviterer ind i et lyst, integreret grebsl√∏st k√∏kken og spiseplads, med mulighed for en entr√©krog til arbejdstasken. P√• badev√¶relset har du italienske marmorfliser med gulvvarme, stor bruseniche, moderne v√¶gh√¶ngt toilet og h√•ndvask. Mod vinduesfacaden √•bner k√∏kken-alrummet op til et L-form, der giver plads til b√•de sofahj√∏rne og sovev√¶relse, som nemt kan inddeles med en industriel skillev√¶g. Herfra har du adgang til din egen altan med udsigt over Islands Brygges havnemilj√∏ og Amager F√¶lleds gr√∏nne tr√¶toppe. 

De r√• betonlofter, industripr√¶g og bygningss√∏jler er klassiske kendetegn i New York-lofts ‚Äì og det ses tydeligt i boligen. Planl√∏sningen stiller storbykrav til kreative indretningsid√©er og giver rum til kr√¶sne singler og par, der s√∏ger New Yorker-originalitet med nordisk kvalitet. Udenfor hovedd√∏ren starter Islands Brygges caf√©kvarterer, naturomr√•der og bl√• havnekanaler. 

B√∏lger, badestrande & bryggekvarter 
Kom t√¶t p√• Islands Brygges blomstrende havnemilj√∏. 
Her finder du sp√¶ndende caf√©er, gode indk√∏bsmuligheder og sm√• distancer til det, der t√¶ller. 
300m fra din lejlighed ligger Havnevigens Badestrand for sm√• og store vandhunde ‚Äì og du er kun 5 min i bil fra dit morgenbad i Havnebadet Islands Brygge, klubbens kajakpolo eller Bryggens beachvolley. 

Med Amager F√¶lled i baghaven er det nemt at finde l√∏beskoene frem. Du er ogs√• kun en kort cykeltur fra Fisketorvets shoppingcenter og Str√∏get - og altid t√¶t p√• de gode pendlerveje via cykelbroen over K√∏benhavns Kanal eller motorvej 02 mod Nordsj√¶lland. 

A-House p√• Islands Brygge 
Et levende hus mellem havnefront og F√¶lled. 
Det industrielle A-House opstod som et anerkendt kunstnerkollektiv for upcoming musikere og designere 
‚Äì og rummer i dag 195 New Yorker-inspirerede lejligheder i hjertet af Islands Brygge. 

Bes√∏g dit in-house fitnesscenter, nyd en cafe latt√© p√• de hyggelige caf√©er og invit√©r g√¶ster p√• italienske fristelser fra Scarpetta i stueetagen. Under huset er parkeringsk√¶lder med mulighed for leje af p-plads ‚Äì ogs√• for el-biler. P√• taget finder du Nordens st√∏rste tagterrasse, frit tilg√¶ngelig for beboerne, med loungem√∏bler og gr√∏nne plantekasser ‚Äì og udsigt over Islands Brygge havnekanal og Amagers gr√∏nne naturomr√•der.",https://www.boligportal.dk/lejligheder/k%C3%B8benhavn/80m2-1-vaer-id-5283444
"Eigtveds Alle, 2630 K√∏benhavn, Taastrup  - 2. sal",K√∏benhavn,Eigtveds Alle,2630,55.64339,12.264777,12.200 kr.,1.155 kr.,99 m¬≤,3,2.,Lejlighed,Nej,Ja,Ja,Ja,Nej,Nej,Ja,Ja,C,"Lys og rummelig 3-v√¶relses lejlighed i Taastrup. 

Lejligheden har et centralt opholdsrum med √•bent k√∏kken og kombineret spiseplads/opholdsstue samt udgang til en dejlig altan. Lejligheden rummer yderligere to v√¶relser og et badev√¶relse.

Lejligheden er udf√∏rt i lyse materialer, blandt andet lyst tr√¶gulv og store vinduespartier, der giver lejligheden et fantastisk lysindfald. V√¶relserne er store og rummelige, og egner sig desuden fint til at dele, enten som familie eller med samboer. 

Om omr√•det:
Lejligheden ligger centralt i H√∏je Taastrup. T√¶t p√• b√•de by og natur og i g√•afstand til shopping og S-togstation. Ejendommen er opf√∏rt i 2006 og omr√•det er i udvikling, hvilket kommer til udtryk i byens rekreative omr√•der og i handelslivet i lokalsamfundet.",https://www.boligportal.dk/lejligheder/k%C3%B8benhavn/99m2-3-vaer-id-5232523
"Nordbanevej, 7800 Skive  - 2. sal",Skive,Nordbanevej,7800,56.568235,9.032373,3.500 kr.,700 kr.,55 m¬≤,2,2.,Lejlighed,Nej,Nej,Nej,Nej,Nej,Nej,Nej,Nej,N/A,"Rummelig 2-v√¶relses lejlighed, med godt lysindfald, midt i Skive by. Stue og sovev√¶relse har tr√¶gulve og der er linoleum i k√∏kkenet. 

T√¶t p√• g√•gade, byliv og indk√∏bsmuligheder.",https://www.boligportal.dk/lejligheder/skive/55m2-2-vaer-id-4761168
"Gammel Jernbanevej, 2500 K√∏benhavn, Valby  - 1. sal",K√∏benhavn,Gammel Jernbanevej,2500,55.664234,12.518559,7.900 kr.,500 kr.,32 m¬≤,1,1.,Lejlighed,Nej,Nej,Nej,Ja,Nej,Nej,Ja,Nej,N/A,"Lejligheden er en lille hyggelig 1-v√¶relses p√• i alt 32 kvadratmeter. Lejligheden fremst√•r flot istandsat og har et dejligt lysindfald fra det store vinduesparti. Boligen har et lille k√∏kken med et k√∏le/fryseskab, to kogeplader og en emh√¶tte. Badev√¶relset er lyst og nydeligt med p√¶ne hvide og cremefarvede klinker.

Til ejendommen er der et f√¶lles opholdsrum samt en stor f√¶lles tagterrasse man med fordel kan benytte sig af. Derudover er der f√¶lles vaskerum.

Fra lejligheden er der kort afstand til Valby Station og gr√∏nne omr√•der.",https://www.boligportal.dk/lejligheder/k%C3%B8benhavn/32m2-1-vaer-id-5372030
"Graven, 8471 Aarhus, Sabro",Aarhus,Graven,8471,56.230688,10.012427,10.000 kr.,2.000 kr.,195 m¬≤,5,-,Hus,Nej,Ja,Ja,Nej,Ja,Nej,Ja,Ja,C,"Stor villa p√• 200 kvm v. Sabro

Boligen er totalrenoveret i 2016 med nyt k√∏kken, nye badev√¶relser og gulve med gulvvarme. Villaen er p√• nuv√¶rende tidspunkt indflytningsklar Boligen er den perfekte bolig til en familie med b√∏rn eller lignende. 

Boligen best√•r af en under - og overetage, hvor underetagen best√•r af et √•bent k√∏kken, der f√∏rer ud til stuen. Ligeledes er der bryggers, et mindre toilet og gang. P√• overetagen er der et stort sovev√¶relse og to b√∏rnev√¶relser.  

Boligen skal helt sikkert ses, men henvender sig dog kun til lejere,",https://www.boligportal.dk/huse/aarhus/195m2-5-vaer-id-4330999
"Danasvej, 7400 Herning  - Stuen",Herning,Danasvej,7400,56.138753,8.963988,7.500 kr.,700 kr.,91 m¬≤,3,Stuen,Lejlighed,Nej,Ja,Nej,Nej,Nej,Nej,Ja,Nej,N/A,"Denne sk√∏nne lejlighed som er placeret i centrum af Herning er beliggende p√• en rolig villavej. 
Men den centrale placering g√∏r det muligt at g√• ind til Herning g√•gade indenfor 10 minutter. 

Lejligheden best√•r af entre, badev√¶relse, k√∏kken med god plads, sovev√¶relse, v√¶relse og en stor stue. 
Fra stuen er der adgang til egen indhegnet flisebelagt g√•rdhave. 

I ejendommens k√¶lder er der mulighed for egen vaskes√∏jle. 

Skriv endelig hvis Danasvej har interesse for dig, s√• s√∏rger vi for at arrangere en fremvisning.",https://www.boligportal.dk/lejligheder/herning/91m2-3-vaer-id-3064197
"S√∏borg Hovedgade, 2860 K√∏benhavn, S√∏borg  - 1. sal",K√∏benhavn,S√∏borg Hovedgade,2860,55.732707,12.517497,14.950 kr.,1.500 kr.,104 m¬≤,3,1.,Lejlighed,Nej,Ja,Nej,Ja,Ja,Nej,Ja,Ja,A,"Ejendommen der indeholder 20 lejligheder har bedste beliggenhed p√• S√∏borg Hovedgade.

Lejligheden har flot tidsl√∏st materialevalg, der er i top med bl.a. gulvvarme og store vinduespartier som giver et sk√∏nt lysindfald og udsigt. 

Lejligheden har en entre med garderodeplads, to gode v√¶relser med garderobeskabe. Dejligt k√∏kken/alrum i forbindelse med stuen. K√∏kken/alrummet er adskilt med flot New Yorker glasv√¶g til entreen. Fra stuen er der udgang til en dejlig stor altan. Derudover er der et stort flot og badev√¶relse med bruseniche og vaskes√∏jle.

HUSDYR:
Det er ikke tilladt at holde husdyr, med mindre det er s√¶rskilt aftalt med udlejer.

F√ÜLLESAREALER:
Der er en f√¶lles g√•rdhave med bl.a. legeplads samt orangeri.

PARKERING:
Der er mulighed for parkering i k√¶lder og p√• terr√¶n mod betaling for dette. Kontakt os gerne for n√¶rmere information.

OMR√ÖDET:
Ejendommen er beliggende t√¶t p√• indk√∏b og gode spisesteder. I n√¶romr√•det findes b√∏rneinstitutioner og gode skoler som bl.a. Munkeg√•rdsskolen og Dysseg√•rdsskolen. Ganske t√¶t p√• har man natursk√∏nne omr√•der.",https://www.boligportal.dk/lejligheder/k%C3%B8benhavn/104m2-3-vaer-id-5250634
"Aage Nielsensvej, 7800 Skive  - Stuen",Skive,Aage Nielsensvej,7800,56.576145,9.032796,3.813 kr.,1.055 kr.,50 m¬≤,2,Stuen,Lejlighed,Nej,Nej,Ja,Nej,Nej,Nej,Nej,Nej,N/A,"Lejem√•let er beliggende p√• Aage Nielsensvej og best√•r af 2 v√¶relser samt k√∏kken og bad. Lejem√•let er 50 m2 og er klar til overtagelse 15-08-2023. M√•nedlig husleje er 3813 kr. og indskud bel√∏ber sig til 6100 kr. 

Send en besked, hvis lejem√•let har fanget din interesse.
For at kunne leje denne bolig, kr√¶ver det man er medlem af boligforeningen. P√• BoligPortal annonceres kun reelt ledige boliger uden eksisterende venteliste p√• annonceringstidspunktet. Venligst kontakt udlejer hvis du er interesseret i lejem√•let.",https://www.boligportal.dk/lejligheder/skive/50m2-2-vaer-id-5378573
"sabrosvej, 3000 Helsing√∏r  - 1. sal",Helsing√∏r,sabrosvej,3000,56.036659,12.601194,6.750 kr.,1.000 kr.,33 m¬≤,1,1.,Lejlighed,Nej,Nej,Nej,Nej,Nej,Nej,Nej,Ja,N/A,"Flot, istandsat lejlighed i Helsing√∏r
T√¶t ved Helsing√∏r centrum ligger denne flotte lejlighed, der er lige til at flytte ind i. Boligen ligger p√• f√∏rste sal og st√•r fuldst√¶ndig nyrenoveret , hvor k√∏kken, gulv og indbygningsskabe i gangen samt badev√¶relset",https://www.boligportal.dk/lejligheder/helsing%C3%B8r/33m2-1-vaer-id-5370887
"Dronningensgade, 5000 Odense, Odense C",Odense,Dronningensgade,5000,55.398089,10.3788,3.950 kr.,700 kr.,70 m¬≤,2,-,Lejlighed,Nej,Nej,Nej,Nej,Nej,Nej,Nej,Nej,N/A,"V√¶relse med 2 rum med plads til sovev√¶relse. Ledigt straks.
God beliggenhed i Odense centrum.
F√¶lles k√∏kken, bad og toilet, der deles med 3 andre lejere n√•r disse er udlejet.
Der er adgang til k√∏kken, bad, f√¶lles terrasse og bagg√•rd.
V√¶relserne er ikke delevenlige og kan derfor kun bebos af √©n person.
Mail, alder, besk√¶ftigelse, b√∏rn eller husdyrhold, og vi tager hurtigt kontakt med henblik p√• en fremvisning.
23-20-7",https://www.boligportal.dk/lejligheder/odense/70m2-2-vaer-id-5375287
"Munke Mose All√©, 5000 Odense, Odense C  - 2. sal",Odense,Munke Mose All√©,5000,55.391511,10.387288,9.700 kr.,500 kr.,76 m¬≤,2,2.,Lejlighed,Nej,Nej,Nej,Ja,Nej,Nej,Nej,Ja,C,"### Nyrenoveret kvalitetslejlighed med store, lyse rum - **midt i Odenses smukkeste park**

Kom indenfor i en lys og behagelig 2-v√¶relses lejlighed i historiske rammer og med h√∏jt til loftet. 
Store vinduespartier lader solen str√∏mme ind og bidrager til f√∏lelsen af et meget lyst og indbydende hjem.

 **K√∏kkenet er et enkelt og elegant Svane-k√∏kken** med integrerede h√•rde hvidevarer, som alle er fra Miele (med undtagelse af Siemens opvaskemaskine og Thermex emh√¶tte). 
Der er praktisk kv√¶rn til k√∏kkenaffald i k√∏kkenvasken og kogende vand i vandhanen. 

 **Smukke radiatorskjulere** pryder vinduespartierne som et gennemg√•ende element i b√•de stue og sovev√¶relse. Sovev√¶relset har en elegant indbygget skabsv√¶g.

 **Gulvene er lagt i sildebensm√∏nster** i massiv egetr√¶, og p√• badev√¶relset er der stilrene, italienske klinker p√• b√•de gulv og v√¶gge. Badev√¶relset har desuden en moderne badl√∏sning med glasafsk√¶rmet bruseniche, vaskes√∏jle fra Miele, nedst√∏bt h√•ndvask i Corestone, spejl med integreret lys, v√¶gh√¶ngt toilet og ber√∏ringsfrit armatur fra Oras.

 **Med adresse i Munkemose Park** f√•r du ikke kun en eksklusiv kvalitetsbolig og en enest√•ende beliggenhed. Du bliver ogs√• en del af et helt s√¶rligt beboerf√¶lleskab midt i byen. 
Det lukkede g√•rdrum rummer orangeri, f√¶lleshus med stork√∏kken og flygel, v√¶relser til overnattende g√¶ster, stor tr√¶terrasse med grill, legeomr√•de til de mindste, parkeringsk√¶lder, elevator mm. 

 _Billedmaterialet er repr√¶sentativt for kvalitets- og detaljeniveauet i Munkemose Park. Plantegningen er specifik for lejem√•let. _.",https://www.boligportal.dk/lejligheder/odense/76m2-2-vaer-id-5367229
"N√∏rrebro, 9881 Bindslev  - 1. sal",Bindslev,N√∏rrebro,9881,57.541116,10.199734,3.682 kr.,N/A,98 m¬≤,3,1.,Lejlighed,Nej,Nej,Nej,Nej,Nej,Nej,Nej,Nej,N/A,"Description is coming
For at kunne leje denne bolig, kr√¶ver det man er medlem af boligforeningen. P√• BoligPortal annonceres kun reelt ledige boliger uden eksisterende venteliste p√• annonceringstidspunktet. Venligst kontakt udlejer hvis du er interesseret i lejem√•let.",https://www.boligportal.dk/lejligheder/bindslev/98m2-3-vaer-id-5316462
"Hobrovej, 8920 Randers, Randers NV  - 2. sal",Randers,Hobrovej,8920,56.471884,10.015332,6.098 kr.,500 kr.,88 m¬≤,3,2.,Lejlighed,Nej,Nej,Nej,Nej,Nej,Nej,Nej,Nej,C,"Godt beliggende 3 v√¶relses med dejlig altan med udsigt.
Lejligheden er flot moderniseret.
Er holdt i lyse farver.
En meget velfungerende ejendom med rolige lejere.
Vaskek√¶lder samt f√¶lles gildesal.
leje 5.775,65 kr.
indvendig vedligeholdelse 322,66 kr.
ac varme 500 kr.
I alt 6.598,31 kr.
Gode parkerings muligheder.
Kontakt udlejer, tak.",https://www.boligportal.dk/lejligheder/randers/88m2-3-vaer-id-4529481
"Remmerslund Skovby, 8722 Hedensted",Hedensted,Remmerslund Skovby,8722,55.781843,9.718933,9.000 kr.,350 kr.,84 m¬≤,3,-,R√¶kkehus,Nej,Ja,Nej,Nej,Ja,Nej,Ja,Ja,A,"Velkommen til S√∏husene, Hedensted - Find dit nye hjem t√¶t p√• S√∏ & Natur. 

S√∏husene best√•r af 51 moderne r√¶kkehuse i b√•de 1-plan og 2-plan. S√∏husene er tegnet af Atra arkitekter, som har sikret minimal spildplads, hvilket giver dig en masse gode og forskellige indretningsmuligheder. 

Boligernes placering er optimal placeret for dem, der gerne vil bo i et milj√∏ der l√¶ner sig op ad s√∏ og natur, og derudover et socialt liv omkring dig.
Fra S√∏husene er du i cykel afstand til Hedensted skolen, med trykke cykelstier og tunneller, undg√•r man at skulle passere vejen for at komme i skole. 

Boligerne er i st√∏rrelsen 80-110m2 (3 og 4 v√¶relsesenheder) og rummer k√∏kkenalrum, stue samt badev√¶relse med vaskemaskine og t√∏rretumbler. Derudover har alle boliger eget depotrum til opbevaring. 
Fra boligerne er der adgang til privat udeareal, hvor man kan nyde sin terrasse. 

V√¶rd at n√¶vne om disse fantastiske livsstilsboliger:

- Energioptimale boliger med fjernvarme
- Tr√¶/Alu vinduer 
- Gulvvarme i hele boligen
- Kvalitets hvidevarer fra Gorenje 
- Genveksanl√¶g
- Egetr√¶s laminat 
- HTH K√∏kkener i h√∏j kvalitet med indfr√¶set greb
- Massive indvendige d√∏re
- Underlimet h√•ndvaske 
- Linjeafl√∏b i brusenicher 
- Udvendige frostsikrede haner 

Lejer tilmeldes direkte til forsyningsv√¶rkerne p√• b√•de EL, Vand og Varme og afregner direkte.",https://www.boligportal.dk/r%C3%A6kkehuse/hedensted/84m2-3-vaer-id-5313223
"Vestervang, 8000 Aarhus, Aarhus C  - 5. sal",Aarhus,Vestervang,8000,56.164544,10.191282,12.500 kr.,800 kr.,94 m¬≤,4,5.,Lejlighed,Nej,Ja,Nej,Ja,Nej,Nej,Ja,Nej,N/A,"F√• Botanisk Have som nabo og Aarhus centrum indenfor f√• minutters gang med denne nyrenoverede 4 v√¶relses lejlighed.
Dejligt lyst k√∏kken/alrum i √•ben forbindelse med udgang til stor rummelig altan. K√∏kkenet har stort k√∏le-/fryseskab, opvaskemaskine, emh√¶tte, induktionskogeplader og indbygningsovn.
Stort badev√¶relse med gulvvarme og mulighed for at installere egen vaskemaskine.
Stor entr√© samt 3 v√¶relser af god st√∏rrelse, hvilket g√∏r lejligheden ideel til deling af 3 personer. Det ene v√¶relse har udgang til egen altan.
Her er f√¶lles vaskeri i ejendommen, cykelparkering og pulterrum.

Ejendommen har ogs√• stort, flot gr√∏nt f√¶llesareal med legeplads.
Derudover er der mulighed for leje af p-plads i afl√•st k√¶lder eller i √•bent terr√¶n.
BEM√ÜRK: Billederne er fra en pr√∏velejlighed.",https://www.boligportal.dk/lejligheder/aarhus/94m2-4-vaer-id-5379345
"Silkeborgvej, 8000 Aarhus, Aarhus C  - 2. sal",Aarhus,Silkeborgvej,8000,56.156327,10.176216,7.455 kr.,500 kr.,61 m¬≤,2,2.,Lejlighed,Nej,Ja,Nej,Nej,Nej,Nej,Nej,Nej,N/A,"Lejligheden, som er velegnet til flere personer, er en velindrettet to-v√¶relses lejlighed p√• 61 kvm.
Hvis du √∏nsker en central placering, er denne lejlighed pr√¶cis den rigtige for dig. Ejendommen, som er beliggende i Aarhus C, er t√¶t p√• de sm√• specialforretninger, caf√©er, shopping, brostensbelagte gader og pulserende byliv i Smilets By.
I cykel- eller g√•afstand til det hele finder du bl.a. Universitetet, Handelsh√∏jskolen, VIA, De byn√¶re Havnearealer, parker og gr√∏nne omr√•der.
Lejem√•let er beliggende i velfungerende mindre ejendom med i alt 1 boliger.",https://www.boligportal.dk/lejligheder/aarhus/61m2-2-vaer-id-5192387
"Byst√¶vnet, 5474 Veflinge",Veflinge,Byst√¶vnet,5474,55.475306,10.16002,7.600 kr.,300 kr.,145 m¬≤,4,-,Hus,Nej,Nej,Ja,Nej,Nej,Nej,Nej,Ja,N/A,"Veflinge er en rolig landsby, beliggende i et utroligt smukt omr√•de, hvor naturen er s√¶rlig sk√∏n. Alligevel er der ikke langt til hverdagens mange bekvemmeligheder s√•som skole (0.-6. klasse), b√∏rnepasning samt fine indk√∏bsmuligheder i den lokale K√∏bmand lige overfor. der √•bner snart igen Lokalomr√•det byder p√• en god alsidig sportsforening og en aktiv borgerforening, der g√∏r meget for byens forsk√∏nnelse. Der er ca. 20 minutters k√∏rsel til Odense ‚Äì og der er ligeledes kort afstand til motorvej E20.

Boligen indeholder: entre, g√¶stetoilet, stor spisestue med br√¶ndeovn og folded√∏r til en hyggelig opholdsstue. Stort k√∏kken med spiseplads, mindre bryggers med udgang til g√•rdmilj√∏, fordelingsgang til badev√¶relse med kar, 2 b√∏rnev√¶relser samt sovev√¶relse. Boligen er velindrettet,  Til boligen h√∏rer en overskuelig og lukket forhave samt en bagg√•rd med en hyggelig havestue.
Ude fra bagg√•rden er der nedgang til k√¶lderen, som best√•r af vaskerum samt 3 depotrum.Se Plantegning markeret med r√∏dt er beboelse.",https://www.boligportal.dk/huse/veflinge/145m2-4-vaer-id-5374242
"Sj√¶llandsgade, 9000 Aalborg, Aalborg  - 3. sal",Aalborg,Sj√¶llandsgade,9000,57.041808,9.939532,4.804 kr.,449 kr.,63 m¬≤,2,3.,Lejlighed,Nej,Nej,Nej,Nej,Nej,Nej,Ja,Nej,E,"2-v√¶relses lejlighed beliggende p√• Sj√¶llandsgade, 9000 Aalborg. 

Lejligheden er beliggende i Aalborgs √ò-gadekvarter med kort afstand til gr√∏nne omr√•der ved √òstre Anl√¶g, diverse handlemuligheder samt offentlig transport. Derudover tager det ikke mere end 5-7 min. p√• cykel til Centrum. 

Lejligheden indeholder en stue, et v√¶relse samt k√∏kken og bad. Derudover er der en altan i forbindelse med stuen.

Lejem√•let overtages som beset.",https://www.boligportal.dk/lejligheder/aalborg/63m2-2-vaer-id-5363865
"Himmerlandsgade, 9000 Aalborg, Aalborg  - 3. sal",Aalborg,Himmerlandsgade,9000,57.04128,9.941387,3.693 kr.,675 kr.,50 m¬≤,2,3.,Lejlighed,Nej,Nej,Nej,Nej,Nej,Nej,Nej,Nej,N/A,"2-v√¶relses lejlighed beliggende p√• Himmerlandsgade, 9000 Aalborg. 

Lejligheden er placeret i √ò-gadekvarteret med kort afstand til gr√∏nne omr√•der ved √òstre Anl√¶g, diverse handlemuligheder samt offentlig transport. 

Lejligheden best√•r af en stue, et v√¶relse samt k√∏kken. Bem√¶rk at der er dele badev√¶relse. 

Lejem√•let overtages som nyistandsat.",https://www.boligportal.dk/lejligheder/aalborg/50m2-2-vaer-id-5309008
"√òsterbro, 9000 Aalborg, Aalborg  - 3. sal",Aalborg,√òsterbro,9000,57.045654,9.941249,6.700 kr.,700 kr.,94 m¬≤,3,3.,Lejlighed,Nej,Ja,Nej,Nej,Nej,Nej,Nej,Nej,N/A,"Denne nyrenoverede lejlighed er god til dem, der gerne vil dele en lejlighed eller til parret, som gerne vil have ekstra meget plads.

N√•r man tr√¶der ind i lejligheden kommer man ind i en fordelingsgang, der har et fint gr√•t gulv, der f√•r den til at minde om entr√©en i et hus. Herfra kan du g√• ind i lejligheden nyere k√∏kken, der er i hvid og med indbygget mikroovn samt installeret opvaskemaskine.

Badev√¶relset er opdelt, s√• der fra gangen er indgang til toilet og h√•ndvask og fra sovev√¶relset er der indgang til et brusebad og en h√•ndvask. Udover badev√¶relses tilgang i sovev√¶relset, er der ogs√• masser af skabsplads og generelt god plads til en stor seng.

Til slut har vi de to stuer en-suite, som har en d√∏r imellem, s√• man kan benytte det ene som sovev√¶relse, hvis man skal dele lejligheden, ellers kan man selvf√∏lgelig lave tv stue i det ene v√¶relse og spisestue i det andet. Der er ogs√• god plads til, at man kan lave et kontorhj√∏rne.

En gennemg√•ende deltaje i hele lejligheden er belysningen fra vinduerne, der giver en hel masse.
Til ejendommen er der cykelparkering, f√¶lles vaskeri og depotrum.

Katte er tilladt.
√ògadekvarteret i Aalborg ligger op af midtbyen og har en rimelig central placering i byen. Kvarteret er f√∏rst og fremmest et boligkvarter med charmerende lejligheder - men der er ogs√• fastfood-restauranter, dagligvarebutikker og v√¶rtshuse. Midt i det hyggelige kvarter ligger en af byens sk√∏nne parker: √òstre Anl√¶g.

Parken giver en pause fra den omliggende by og trafik-larm. Parken er omkranset af tr√¶er og h√∏je buske, der giver et idyllisk afbr√¶k. √òstre Anl√¶g er perfekt til en frisk g√•tur i det spr√∏de vintervejr, en picnic en lys sommeraften eller et fint sted at sl√¶be de tunge b√∏ger eksamens b√∏ger med hen.
Leje nr : 1214OW",https://www.boligportal.dk/lejligheder/aalborg/94m2-3-vaer-id-5345885
"Moselundsvej, 3000 Helsing√∏r  - 5. sal",Helsing√∏r,Moselundsvej,3000,56.039951,12.566716,15.195 kr.,1.400 kr.,124 m¬≤,4,5.,Lejlighed,Nej,Nej,Ja,Ja,Ja,Nej,Nej,Ja,N/A,"De nyetablerede lejligheder i TRET√ÖRNET st√•r indflytningsklar. De er alle funktionelt indrettet, og tilpasset de forandringer der kommer med alderen. Du f√•r et hjem for resten af livet ‚Äì ikke blot en periode.
Vi ved, det kan v√¶re sv√¶rt at flytte i noget mindre. Derfor findes lejlighederne i varierende st√∏rrelser fra 1 til 4 v√¶relser, s√• du eller I kan finde den rette lejlighed, hvor I kan skabe jeres hjem. Lejlighederne har alle faste skabe, som g√∏r det nemt at gemme ting v√¶k.
Til hver lejlighed medf√∏lger ogs√• et depotrum, hvor ting, I ikke bruger dagligt, kan opbevares.
TRET√ÖRNET kan n√¶sten ikke v√¶re placeret bedre, midt i det natursk√∏nne omr√•de Teglstrup Hegn, t√¶t p√• Helsing√∏r by, med nationalpark p√• to sider. Her kan du g√•, l√∏be eller f√• jord under neglene i de f√¶lles udearealer, hvor fritiden kan dyrkes, til den kan spises. Udsigten til den gode dag kan ogs√• nydes fra de to store tagterrasser med udsigt over Teglstrup Hegn og √òresund. Her p√• den blomstrende terrasse findes ogs√• et orangeri, grill og loungem√∏bler.",https://www.boligportal.dk/lejligheder/helsing%C3%B8r/124m2-4-vaer-id-5366312
"Skovlyst, 8800 Viborg",Viborg,Skovlyst,8800,56.444683,9.351069,9.700 kr.,0 kr.,105 m¬≤,4,-,R√¶kkehus,Nej,Nej,Nej,Nej,Nej,Nej,Ja,Ja,N/A,"Dejligt r√¶kkehus best√•ende af dejligt k√∏kken-alrum med udgang til terrasse, sovev√¶relse og 2 fine v√¶relser, badev√¶relse med ovenlys samt dejlig stue ligeledes med udgang til terrasse.",https://www.boligportal.dk/r%C3%A6kkehuse/viborg/105m2-4-vaer-id-5295582
"Lundbyesgade, 8000 Aarhus, Aarhus C  - 3. sal",Aarhus,Lundbyesgade,8000,56.154558,10.194862,4.888 kr.,0 kr.,16 m¬≤,1,3.,V√¶relse,Ja,Nej,Nej,Nej,Nej,Nej,Nej,Nej,N/A,"Ubegr√¶nset leje af 16 m^2 v√¶relse i Aarhus C
Overtages mellem d. 15. september og 1. november üè†üå± 

Vi st√•r og mangler to nye roomies til to ledige v√¶relser i en dejlig lejlighed i Lundbyesgade (se andet opslag for det andet v√¶relse).

V√¶relset er 16 m^2, lyst og h√∏jt til loftet. Du kan leje v√¶relset tomt eller delvist m√∏bleret.

OM LEJLIGHEDEN
Lejligheden er 93 m^2, der best√•r af 3 v√¶relser, et k√∏kken med spiseplads, opvaskemaskine, et separat toilet og badev√¶relse. 

Ud over lejligheden er der en k√¶lder, hvor der er vaskerum, cykelparkering, v√¶rksted samt udgang til en dejlig, stor g√•rdhave. P√• loftet er der et t√∏rrerum og plads til opbevaring. ARoS, Godsbanen, Musikhuset og Scandinavian Center er de n√¶rmeste naboer, og der er sm√• 10 minutters gang til Str√∏get. 

PRAKTISKE
Huslejen for v√¶relset er 4888,- inkl. alt. (dvs. vand, varme, el, fibernet, fri vask og t√∏rretumbling). Ved indflytning skal der betales et depositum p√• 3 m√•neders husleje + en m√•neds forudbetalt husleje. I alt inkl. f√∏rste m√•neds husleje 24440,-.

Hvis du synes det lyder som noget for dig, skal du v√¶re mere end velkommen til at skrive en besked. Der holdes samtaler l√∏bende.

Gl√¶der os til at h√∏re fra dig :)",https://www.boligportal.dk/v%C3%A6relser/aarhus/16m2-1-vaer-id-5377121
"Snejbjerg Hovedgade, 7400 Herning, Snejbjerg  - 1. sal",Herning,Snejbjerg Hovedgade,7400,56.132884,8.901594,3.375 kr.,450 kr.,37 m¬≤,2,1.,Lejlighed,Nej,Nej,Nej,Nej,Nej,Nej,Nej,Ja,D,"2 v√¶relses lejlighed i Snejbjerg hovedgade 
Inkl. parkeringsplads i carport 
F√¶lles g√•rdhave
Depotrum
tv/internet +300 kr pr. m√•ned",https://www.boligportal.dk/lejligheder/herning/37m2-2-vaer-id-5337767
"Vestergade, 8700 Horsens  - 1. sal",Horsens,Vestergade,8700,55.870714,9.838259,6.250 kr.,750 kr.,68 m¬≤,2,1.,Lejlighed,Nej,Nej,Nej,Nej,Nej,Nej,Nej,Nej,D,"Denne dejlige 2 v√¶relses lejlighed best√•r af en stue og et sovev√¶relse, samt k√∏kken og bad. Lejligheden ligger p√• hj√∏rnet af Vestergade og Istedgade, hvilket giver stuen meget lys.
Der er en hyggelig g√•rdhave, og i forl√¶ngelse af g√•rdhaven er der en stor gr√¶spl√¶ne med fine siddeomr√•der og grill. Haven er f√¶lles for alle beboere og man kan hygge sig samme i solen og t√¶nde op i grillen p√• lune sommeraftener.
Der er gode indk√∏bsmuligheder lige p√• den anden side af gaden, og lejligheden ligger t√¶t p√• midtbyen. Lejligheden ligger t√¶t p√• parken ved kulturhuset ""F√¶ngslet‚Äù, der er gode indk√∏bsmuligheder og VIA University College ligger bare 800 m. v√¶k.
Det er tilladt at have husdyr i ejendommen.",https://www.boligportal.dk/lejligheder/horsens/68m2-2-vaer-id-5366659
"Tretommervej, 8240 Aarhus, Risskov  - 1. sal",Aarhus,Tretommervej,8240,56.185743,10.225641,7.050 kr.,475 kr.,51 m¬≤,2,1.,Lejlighed,Nej,Ja,Nej,Ja,Nej,Nej,Nej,Ja,N/A,"Dr√∏mmer du om at bo i en ny bolig i natursk√∏nne omgivelser kun en kort cykeltur fra Aarhus centrum? S√• er B√¶kkelundshusene m√•ske noget for dig. Her kan du nyde tilv√¶relsen i et historisk smukt og attraktivt omr√•de, hvor skov, vand og byliv skaber rammerne om dit liv. 

I B√¶kkelundshusene er der ikke g√•et p√• kompromis med de gode materialer og optimale l√∏sninger. Her f√•r du et hjem, hvor samspillet mellem indretning, materialer, godt dagslys og detaljer skaber det optimale setup for en nem og bekvem hverdag, s√• du blot kan nyde tilv√¶relsen med et smil p√• l√¶ben.",https://www.boligportal.dk/lejligheder/aarhus/51m2-2-vaer-id-5154935
"Hovedgaden , 8860 Ulstrup  - 1. sal",Ulstrup,Hovedgaden ,8860,56.390022,9.792274,3.700 kr.,850 kr.,58 m¬≤,2,1.,Lejlighed,Nej,Nej,Nej,Nej,Nej,Nej,Ja,Ja,N/A,"Denne lejlighed ligger i Ulstrup t√¶t p√• indk√∏b, togforbindelser til Rander og Viborg,
Guden√•en og sk√∏n natur er lige rundt om hj√∏rnet.
Lejligheden indeholder, k√∏kken, badev√¶relse, stue, sovev√¶relse med indbygget skabe samt en dejlig altan. Der er et tilh√∏rende skur med til lejligheden.",https://www.boligportal.dk/lejligheder/ulstrup/58m2-2-vaer-id-5367121
"√òrnevej, 7000 Fredericia  - 3. sal",Fredericia,√òrnevej,7000,55.570606,9.748204,2.990 kr.,600 kr.,40 m¬≤,2,3.,Lejlighed,Nej,Nej,Nej,Nej,Nej,Nej,Nej,Nej,A,"P√¶n lejlighed p√• 40 m2.
indh. entre,p√¶n badev√¶relse, sovev√¶relse med skabe, nyt k√∏kken med komfur, emh√¶tte, k√∏lfryseskab, k√∏kken er i forbindelse med stuen, depotrum, f√¶lles vaskeri, lille g√•rd, 700 m til baneg√•rd, 900 m til centrum,
husdyr ikke tilladt.",https://www.boligportal.dk/lejligheder/fredericia/40m2-2-vaer-id-3000197
"Helenavej, 9210 Aalborg, Aalborg S√ò",Aalborg,Helenavej,9210,57.004438,9.954957,12.395 kr.,N/A,138 m¬≤,5,-,R√¶kkehus,Nej,Nej,Ja,Nej,Nej,Nej,Ja,Nej,N/A,"Velkommen til Helenapark i Gug.

Dette sk√∏nne r√¶kkehus er beliggende i attraktivt og b√∏rnevenligt nyere kvarter i den √∏stlige del af Gug, med stisystem til b√•de skole, idr√¶tshal, daginstitutioner m.v.

Helenapark er et sp√¶ndende og moderne byggeri best√•ende af 24 boliger i s√•vel 1-plan som 2-plan boliger - alle med tilh√∏rende carport og redskabsrum. Til hvert r√¶kkehus h√∏rer der en dejlig rummelig flisebelagt terrasse. Der er udgang til stort gr√∏nt f√¶llesareal med legeplads, direkte fra terrassen.

Boligerne er opf√∏rt med lyse tr√¶gulve samt hvidmalede v√¶gge og lofter. Badev√¶relset er bekl√¶dt med koksgr√•t klinkegulv, hvidt sanitet, hvor der er s√•vel vaskemaskine som t√∏rretumbler. K√∏kkenet er ligeledes i hvide elementer med gr√• bordplade samt alt i h√•rde hvidevarer

Helenapark i Gug har en ideel beliggenhed b√•de for b√∏rnefamilien, den studerende, √¶ldre mennesker og yngre par ‚Äì b√•de p√• grund af de mange indk√∏bsmuligheder i Gug, den t√¶tte beliggenhed til Aalborg Centrum, Universitet, Gigantium og City Syd i Aalborg SV og ikke mindst det nye ‚Äùsuper-sygehus‚Äù som er p√• vej i omr√•det. Endvidere kun f√• minutters k√∏rsel fra motorvejsafk√∏rsel mod syd og nord.

Gug er en selvst√¶ndig bydel i en rivende udvikling. Der er i alt 3 skoler til omr√•det, nemlig Gug Skole, Byplanvejens Skole samt Seminarieskolen. Ogs√• foreningslivet er stort og godt, med bl.a. Badmintonklub, Gug Boldklub samt Gug Gymnastikforening.Udover de flotte gr√∏nne arealer omkring Helenapark, finder man i Gug b√•de det sk√∏nne naturomr√•de √òster√•dalen og endvidere Kongsh√∏jskoven mod Visse ‚Äì med b√•de l√∏be- og g√•stier og ikke mindst mountain-bike rute.

Helenapark er for den kvalitetsbevidste familie, med fokus p√• b√•de bolig og livskvalitet.

Det er tilladt at holde 1 stk. hund p√• max 35 kg eller under 40 cm i h√∏jden(med forbehold) ingen katte.",https://www.boligportal.dk/r%C3%A6kkehuse/aalborg/138m2-5-vaer-id-5308002
"Oddervej, 8270 Aarhus, H√∏jbjerg  - 1. sal",Aarhus,Oddervej,8270,56.119706,10.206636,9.450 kr.,600 kr.,75 m¬≤,3,1.,Lejlighed,Nej,Ja,Nej,Nej,Ja,Nej,Nej,Ja,C,"KUN 2 MDR i DEPOSITUM

Med en fin beliggenhed i H√∏jbjerg, kan vi nu udbyde denne rummelige 2'er p√• Oddervej.

Her er tale om en beliggenhed lige n√¶r sk√∏nne Marselis borg Skov, Tangkrogen og blot en kort cykeltur ind til Aarhus C.

De daglige indk√∏b kan klares i g√•afstand.

Velkommen indenfor:

‚Ä¢ Lille entr√© og direkte adgang til lejlighedens fine k√∏kken og stue

‚Ä¢ Dejlig √•ben og lys stue

‚Ä¢ God st√∏rrelse sovev√¶relse samt badev√¶relse

Der er gratis parkering ved bygningen samt gode transportmuligheder til Aarhus C.



Vi udlejer ikke til personer registreret i RKI.

Kontakt os for en fremvisning.",https://www.boligportal.dk/lejligheder/aarhus/75m2-3-vaer-id-5375195
"Lindegade, 6580 Vamdrup",Vamdrup,Lindegade,6580,55.425989,9.279612,7.400 kr.,250 kr.,130 m¬≤,5,-,Hus,Nej,Ja,Nej,Nej,Nej,Nej,Nej,Ja,N/A,"Byhus med udhus centralt i Vamdrup by udlejes

Huset er i 2 plan, I stueetagen er der k√∏kken badev√¶relse stue samt  2 v√¶relser baggang og forgang.
P√• f√∏rste sal er der gang med fordeling til 2 v√¶relser samt et lille v√¶relse og et nyere badev√¶relse



I stueplan er der k√∏kken, badev√¶relse, v√¶relse samt stue.

Hele huset bliver nymalet inden indflytning
 

Der er et udhus som ogs√• kan bruges som garage.

Ud over lejen betaler man kr 250 til aconto vand samt kr  ??  for den store tv pakke.

Fjernvarme og el betaler man direkte til forsyningsselskabet.",https://www.boligportal.dk/huse/vamdrup/130m2-5-vaer-id-2988739
"Bredgade, 7250 Hejnsvig",Hejnsvig,Bredgade,7250,55.694035,8.998063,6.000 kr.,1.500 kr.,128 m¬≤,5,-,R√¶kkehus,Nej,Nej,Nej,Nej,Nej,Nej,Nej,Nej,N/A,"Dejligt stor hus midt i Hejnsvig.

Huset ligger med dejlig g√•rdhave og have med masser at fugt og b√¶r.
Der f√∏lger en garage med og et hobby rum med masser af skabe og bordplads.

Bagindgang som deles med Bredgade. Ford√∏r er egen indgang.

K√∏kken med plads til spisebord, lille badev√¶relse med brus, stor stue og et stor v√¶relse, entre med opgang til 1 sal - 
1 salen har stor repos som kan laves til kontor eller tv stue, 3 gode v√¶relser.

En god villa til en b√∏rne familie.

Aconto er til vand og varme

Henvendelse bedes ske via boligportalens ""kontakt udlejer"" eller pr. tlf. mandag - fredag fra klokken 9-14",https://www.boligportal.dk/r%C3%A6kkehuse/hejnsvig/128m2-5-vaer-id-5066083
"Kl√∏vervej, 6000 Kolding  - 7. sal",Kolding,Kl√∏vervej,6000,55.485657,9.498978,8.350 kr.,1.000 kr.,82 m¬≤,3,7.,Lejlighed,Nej,Nej,Ja,Ja,Nej,Nej,Nej,Ja,N/A,"FLYT IND MED LEJERABAT: Underskriv lejekontrakten inden 1. september 2023 og f√• 2 m√•neders gratis husleje (g√¶lder ikke aconto-udgifter).

NYE MODERNE UDSIGTSLEJLIGHEDER VED KOLDING FJORD.

Kl√∏verhaven er bygget i 2022/2023 og best√•r af fire bygninger placeret forskudt af hinanden i gr√∏nne omgivelser ‚Äì med udsigt over fjorden med den sk√∏nne lystb√•dehavn og kun 2,5 kilometer v√¶k fra Kolding centrum.

De moderne og lyse boliger tilbydes i forskellige st√∏rrelser. Indretningen er funktionel, enkel og udf√∏rt i nordisk stil med kvalitetsmaterialer og godt lysindfald fra de store vinduespartier.

Alle lejligheder har en sk√∏n rummelig altan eller terrasse.Foran terrassen er der beplantet med h√∏je gr√¶sser som er plantet med tanken ‚Äù vild med vilje ‚Äù ‚Ä¶.

De fire etagebygninger bindes sammen af et unikt parkomr√•de med gr√∏nne oaser, legeplads og opholdszoner. Her bliver masser af plads til b√•de at dyrke egotid, familietid, leg og f√¶llesskab i de gr√∏nne omgivelser.


Flyt ind p√• Kl√∏verhaven og f√• :


En virkelig flot og moderne lejlighed med lavenergiklasse A2020
Alt i h√•rde hvidevarer
Flotte gulve i egetr√¶s look
Sk√∏n rummelig altan eller terrasse - de √∏verste med udsigt til fjorden/lystb√•dehavnen
Lyse indbydende opgange med d√∏rtelefon og elevator
Fri parkering med El standere (via app)
Molokker
Unikt parkomr√•de med legeplads, stier samt hyggelige f√¶llesomr√•der
Mulighed for cykelparkering (overd√¶kket)
Afl√•st skur til f.eks. barnevogn, rollator samt el cykel
Yousee fibernet
Hund tilladt (med forbehold)



Bof√¶llesskaber og delebolig er ikke tilladt.

Det er ej muligt at leje en bolig s√•fremt man er registeret i RKI.",https://www.boligportal.dk/lejligheder/kolding/82m2-3-vaer-id-5330169
"Bredgade, 7400 Herning  - 2. sal",Herning,Bredgade,7400,56.136156,8.967886,7.300 kr.,700 kr.,94 m¬≤,3,2.,Lejlighed,Nej,Ja,Nej,Nej,Nej,Nej,Nej,Ja,D,"Venligst bem√¶rk : Jeg afholder sommerferie og forventer fremvisning i uge 33.

Sk√∏n 3 v√¶relses lejlighed p√• 94 m2 udlejes.

Lejligheden er beliggende p√• g√•gaden i Herning med kort afstand til indk√∏b og byliv. 

Lejligheden indeholder :

* Stor lys stue og spisestue (evt. ekstra v√¶relse)
* Sovev√¶relse med faste skabe
* K√∏kken med alt i hvidevarer : opvaskemaskine, k√∏le/frys, komfur, ovn, emh√¶tte. God skabsplads. 
* Flot badev√¶relse med brus
* Vaskes√∏jle med vaskemaskine og t√∏rretumbler
* Flotte tr√¶gulve og godt lys indfald.

F√¶lles depotrum.
Gode parkeringsforhold. 1 stk. fri p-plads til lejem√•let. 
Aconto vand og varme afregnes til udlejer. El direkte til Verdo.",https://www.boligportal.dk/lejligheder/herning/94m2-3-vaer-id-5374880
"Finsensvej, 2000 K√∏benhavn, Frederiksberg  - 1. sal",K√∏benhavn,Finsensvej,2000,55.681188,12.51862,10.600 kr.,900 kr.,33 m¬≤,2,1.,Lejlighed,Nej,Nej,Nej,Ja,Nej,Nej,Nej,Nej,A,"Velkommen til Bl√¶khus Frederiksberg!
Bl√¶khus Frederiksberg tilbyder 188 fantastiske og fuldt servicerede lejeboliger med eget tek√∏kken og badev√¶relse.
Bliv en del af Bl√¶khus-f√¶llesskabet.
Flotte f√¶llesomr√•der skr√¶ddersyet efter f√¶llesskabets behov ‚Äì her er der b√•de plads til at studere og hygge sig.
Alle f√¶llesrum er naturligvis udstyret med h√∏jhastighedsinternet!
En r√¶kke fordele, der g√∏r Bl√¶khus Frederiksberg til et sk√∏nt sted at bo:
- Tagterrasse, perfekt til hyggelige stunder og med udsigt over K√∏benhavn
- F√¶llesk√∏kkener, hvor du kan lave mad med dine venner
- Lounge- og arbejdsomr√•der, hvor du kan fordybe dig i arbejdet eller studierne
- Gode f√¶lleslokaler, hvor du kan h√¶nge ud med dine naboer og venner
- Et yogalokale, hvor du kan pleje krop og sind
- Et moderne vaskeri med 5 vaskemaskiner og 3 t√∏rretumblere",https://www.boligportal.dk/lejligheder/k%C3%B8benhavn/33m2-2-vaer-id-5358106
"Lilli Gyldenkildes Torv, 8700 Horsens  - 2. sal",Horsens,Lilli Gyldenkildes Torv,8700,55.859116,9.846364,7.550 kr.,962 kr.,99 m¬≤,3,2.,Lejlighed,Nej,Ja,Ja,Ja,Nej,Nej,Nej,Nej,N/A,"L√¶kker og lys velindrettet 4 v√¶relses lejlighed, p√• 4. Sal midt Horsens by.
Boligen har god entr√©, med adgang til 2 v√¶relser og badev√¶relse med plads til vaskes√∏jle samt depot. K√∏kken/alrum med plads til egen opvaskemaskine i √•ben forbindelse med stuen, som har udgang til sydvest vendt altan.
Her har du alting helt t√¶t p√•. Der er elevator til boligen. Det er tilladt at medbringe 1 hund eller 1 kat.
Der er ikke parkeringsplads til boligen, men det er muligt at leje en plads.
Kontakt os for en fremvisning.

Huslejestigning pr. 01-10-2023 til kr. 7.700,-

Energim√¶rke: a2015.",https://www.boligportal.dk/lejligheder/horsens/99m2-3-vaer-id-5374461
"Borgmesterv√¶nget, 9000 Aalborg, Aalborg  - 3. sal",Aalborg,Borgmesterv√¶nget,9000,57.047191,9.909306,6.995 kr.,700 kr.,88 m¬≤,3,3.,Lejlighed,Nej,Nej,Nej,Nej,Nej,Nej,Nej,Nej,N/A,"Lejligheden er best√•ende af en fordelingsgang, der f√∏rer ud i k√∏kkenet, som er helt nyt i flotte hvide elementer og med opvaskemaskine. S√• har vi sovev√¶relset, hvor der er indbyggede skabe i fint brun tr√¶. Det er et godt lyst rum med god plads.

S√• har vi et baderum i hvide klinker, og hvor man lige kan have nogle badev√¶relsesting i vogn eventuelt.

Toilettet er i et separat rum med h√•ndvask. S√• har vi de to stuer. Her er flot lyst tr√¶gulv, og rummene er ogs√• lyse. Det er 2 stuer en-suite med en √•bning i mellem, s√• man kan have spisestue det ene sted og tv-stue det andet sted.
Til ejendommen er der f√¶lles g√•rdanl√¶g, f√¶lles vaskeri og depotrum.",https://www.boligportal.dk/lejligheder/aalborg/88m2-3-vaer-id-5367582
"Vesterbro, 9000 Aalborg, Aalborg  - 3. sal",Aalborg,Vesterbro,9000,57.043948,9.911208,6.995 kr.,700 kr.,84 m¬≤,3,3.,Lejlighed,Nej,Nej,Nej,Ja,Nej,Nej,Ja,Nej,N/A,Stor 3-v√¶relses lejligheden lige i centrum af Aalborg.N√•r man tr√¶der ind af d√∏ren til denne sk√∏nne lejlighed kommer man direkte ind i en lys rummelig entre som f√∏rer videre til lejlighedens k√∏kken badev√¶relse og lejlighedens 3 v√¶relser. K√∏kkenet fremst√•r nyt med hvide klinker p√• v√¶ggen et flot k√∏kken fra AUBO med hvide skabsl√•ger opvaskemaskine og et stort k√∏lefryseskab. Badev√¶relset er ligeledes stort med hvide klinker p√• v√¶ggen og skabsplads under vasken.,https://www.boligportal.dk/lejligheder/aalborg/84m2-3-vaer-id-5324454
"Karensvej, 5500 Middelfart",Middelfart,Karensvej,5500,55.504983,9.713161,10.500 kr.,500 kr.,140 m¬≤,4,-,Hus,Nej,Nej,Ja,Nej,Nej,Nej,Nej,Nej,C,"Dejlig og rummelig et-plans villa i attraktivt og b√∏rnevenligt kvarter t√¶t p√• skov, by og Lilleb√¶lt. Denne villa str√¶kker sig over 140 kvadratmeter, hvilket giver rigelig med plads til familien.

Boligen indeholder stort k√∏kken med mange skabe, stor stue og tre v√¶relser med skabe. Derudover har boligen et badev√¶relse og et g√¶stetoilet. 

Stuen er en rummelig vinkelstue med direkte adgang til en lukket have. Til boligen h√∏rer ogs√• en stor, muret garage med fjernbetjent el-port. 

Boligen er velholdt og fremst√•r i p√¶n stand.",https://www.boligportal.dk/huse/middelfart/140m2-4-vaer-id-5378188
"N√∏rregade, 7430 Ikast",Ikast,N√∏rregade,7430,56.143928,9.152553,7.075 kr.,950 kr.,85 m¬≤,3,-,Lejlighed,Nej,Ja,Nej,Nej,Nej,Nej,Ja,Ja,N/A,"Lejlighed i Ikast
Meget flot 3-v√¶relses lejlighed p√• 85 m2, beliggende t√¶t p√• centrum af Ikast. Lejligheden best√•r af lille entre. Stue med stort vinduesparti med udgang til egen terrasse. K√∏kken indrettet som samtalek√∏kken med alt i hvidevarer. 2 v√¶relser med faste skabe med skydel√•ger, skabene er indrettet med hylder og b√∏jlestang. Badev√¶relse med meget skabsplads og h√•ndkl√¶det√∏rrer, der er klinkegulv og gulvvarme. Lejligheden er med tr√¶gulve, dele af lejligheden er belyst med p√¶ne spot med lysd√¶mper. Der er installeret Der er installeret fibernet til tv samt internet i lejligheden. Der er tilh√∏rende vaskek√¶lder med vaskemaskine og t√∏rretumbler. Der er gode parkeringsmuligheder. Lejligheden er beliggende t√¶t ved baneg√•rden og ca. 100 meter fra Ikast str√∏gcenter. Der kan s√∏ges boligsikring.",https://www.boligportal.dk/lejligheder/ikast/85m2-3-vaer-id-3640689
"Arres√∏vej, 8240 Aarhus, Risskov  - 3. sal",Aarhus,Arres√∏vej,8240,56.202392,10.235095,8.900 kr.,1.100 kr.,76 m¬≤,3,3.,Lejlighed,Nej,Nej,Ja,Nej,Nej,Nej,Ja,Nej,N/A,"Tag del I f√¶llesskabet

De moderne lejeboliger fordeler sig p√• 33-107 m2 og med 1-4 v√¶relser. Variationen i boligerne og den gennemg√•ende funktionelle indretning betyder, at der med garanti er en bolig, der matcher dine behov og dit sted i livet.Arres√∏have henvender sig til dig, der er studerende, eller som lige har fundet din vej ud p√• arbejdsmarkedet. Det er b√•de til dig, der er single, eller er en del af et boligs√∏gende par.Et hjem i rolige omgivelser med kort vej til altingI Risskov f√•r du det bedste af alle verdener. Et bymilj√∏, der indbyder til ro og socialt n√¶rv√¶r med dine n√¶rmeste ‚Äì med kort vej til rekreative, gr√∏nne oaser og et dyp i havet. Alt sammen blot f√• kilometer fra Aarhus C.",https://www.boligportal.dk/lejligheder/aarhus/76m2-3-vaer-id-5317091
"Lillegade, 6270 T√∏nder  - 1. sal",T√∏nder,Lillegade,6270,54.934908,8.868944,3.900 kr.,1.200 kr.,73 m¬≤,2,1.,Lejlighed,Nej,Nej,Ja,Nej,Nej,Nej,Nej,Nej,N/A,"P√¶n lejlighed centralt placeret. Der medf√∏lger: opvaskemaskine, komfur/ovn og k√∏le-/fryseskab til lejligheden. Samt vaskemaskine og t√∏rretumbler. K√∏kkengulvet er udskiftet med lyst laminatgulv, som det ses p√• et af billederne.
Aconto bel√∏bet inkludere: Varme, vand, el og affald (alt)
Katte er desv√¶rre ikke tilladt i lejligheden.

Venligst lav jeres henvendelser p√• det oplyste tlf. nummer, da jeg ikke f√•r beskeder om nye henvendelser p√• boligportalen",https://www.boligportal.dk/lejligheder/t%C3%B8nder/73m2-2-vaer-id-4379322
"S√∏ndergade, 9900 Frederikshavn",Frederikshavn,S√∏ndergade,9900,57.432691,10.527266,4.500 kr.,1.200 kr.,95 m¬≤,3,-,Hus,Nej,Nej,Nej,Nej,Nej,Nej,Nej,Ja,N/A,Det er et hus med egen P plads der k√∏kken alrum stue 2 v√¶relser badev√¶relse der er f√¶ldes vaske rum som man kan bruge er med i prisen i sat nyt k√∏kken plus der er er stort v√¶relse p√• 1 sal,https://www.boligportal.dk/huse/frederikshavn/95m2-3-vaer-id-5111733
"N√∏rregade, 7430 Ikast  - Stuen",Ikast,N√∏rregade,7430,56.144069,9.152004,"5.800,05 kr.",1.000 kr.,81 m¬≤,3,Stuen,Lejlighed,Nej,Nej,Nej,Nej,Nej,Nej,Nej,Nej,N/A,"Dejlig 3. v√¶relse Lejlighed udlejes.

Central beliggende p√• N√∏rregade 59 A. 7430 Ikast.
N√¶r togstation og overd√¶kket g√•gade.


Lejligheden best√•r af en stor stue og k√∏kken .
Sovev√¶relse plus en ekstra v√¶relse, eks. til kontor,
Badev√¶relse med faciliteter, entre, 
Inklusiv carport.

Hunde, katte, akvariefisk samt dyr i bur, m√• Ikke forefindes i ejendommen.

Indflytning / overtagelse efter aftale.

Tr√¶ffes pr. telefon fra Mandag til Torsdag kl. 08.00 til kl. 16.00",https://www.boligportal.dk/lejligheder/ikast/81m2-3-vaer-id-4011563
"Lysalleen, 4000 Roskilde, Himmelev",Roskilde,Lysalleen,4000,55.652906,12.129025,17.495 kr.,N/A,138 m¬≤,4,-,Lejlighed,Nej,Nej,Nej,Nej,Nej,Nej,Nej,Nej,N/A,"Her er funktionalitet i absolut h√∏js√¶det. Alle r√¶kkehuse er opf√∏rt i l√¶kre lyse materialer. Alle boliger har en stor rummelig entr√© og to badev√¶relser. Alle boliger har egen vestvendt have. Ydermere har du brugsret til en parkeringsplads p√• ejendommen. 

Ejendommen er placeret i den attraktive bydel Trekroner i Roskilde. Blot 2,5 kilometer fra ejendommen ligger Ro¬¥s Torv, hvor der er mere end 70 butikker, l√¶kre spise steder samt biograf. Trekroner har egen S-togstation, hvorfra der kun er 25 minutter til K√∏benhavn. Indenfor 250 meter bliver du m√∏dt af b√•de skole og daginstitutioner. 

Disse sk√∏nne r√¶kkehuse er placeret i Roskildes attraktive bydel - Trekroner. Ejendommen rummer 44 r√¶kkehuse p√• mellem 126 og 138 m2. Alle boliger har egen have.",https://www.boligportal.dk/lejligheder/roskilde/138m2-4-vaer-id-5353774
"Vester√•, 9000 Aalborg, Aalborg  - 1. sal",Aalborg,Vester√•,9000,57.050324,9.91843,2.990 kr.,0 kr.,21 m¬≤,1,1.,V√¶relse,Ja,Nej,Nej,Nej,Nej,Nej,Ja,Nej,N/A,"Hyggeligt og flot v√¶relse med privat altan tilknyttet v√¶relset til leje i hjertet af Aalborg. Lejem√•let vil st√• klart til indflytning og kan f√•s delvis m√∏bleret - UDEN EKSTRA BEREGNING!
Prisen er incl. ALT - Vand/varme/Internet/Wifi/vaskeri og m√∏bler mm.

Lejem√•let ligger meget centralt i Aalborg og har tilknyttet en l√¶kker bagg√•rd med parkering til biler og cykler. Der er b√•de fitnesscenter, indk√∏bs og transportmuligheder i g√•afstand fra lejligheden.

Der afholdes fremvisning efter aftale.
Ring for yderligere information billeder eller for at aftale en fremvisning.",https://www.boligportal.dk/v%C3%A6relser/aalborg/21m2-1-vaer-id-5181702
"Jorisvej, 2300 K√∏benhavn, K√∏benhavn S  - 1. sal",K√∏benhavn,Jorisvej,2300,55.645756,12.637565,9.044 kr.,300 kr.,50 m¬≤,2,1.,Lejlighed,Nej,Nej,Nej,Ja,Nej,Ja,Nej,Ja,N/A,"_Obs. Krav om studiekort og mulighed for boligst√∏tte. 
 
 **FLOTTE LYSE STUDIEBOLIGER MED FRANSKE ALTANER OG ALMINDELIGE ALTANER**_ 
 
__****Boligerne er p√• 27-72 m2 og har en god og rummelig indretning. De store vinduespartier med franske altaner og almindelige altaner skaber et flot lysindfald, som sammen med de hvidmalede v√¶gge og lofter g√∏r boligerne lyse og venlige. Sidst men ikke mindst har boligerne flotte tr√¶gulve.

 **HVIDT OG STILRENT K√òKKEN**

Alle boliger har eget k√∏kken med k√∏leskab med frostboks, kombiovn og 2-zoners keramiske kogeplader. Derudover er der skabsplads til service og k√∏kkenting i b√•de overskabe og et underskab.

 **LUKSUS BADEV√ÜRELSER MED V√ÜGH√ÜNGT TOILET OG BRUSENICHE**

Boligerne har nok byens flottes badev√¶relser. I de fleste boliger er badev√¶relset med glasv√¶gge og fine fliser med et flot m√∏rkegr√∏nt sk√¶r. I enkelte boliger er fliserne hvide. Toilettet er v√¶gh√¶ngt, s√• det er nemt at g√∏re rent.

 **H√òJHASTIGHEDSINTERNET**

Der etableres h√∏jhastighedsinternet, s√• du f√•r en rigtig god internetforbindelse b√•de i din bolig og i alle f√¶llesarealer. Internettet koster 140 kr. pr. m√•ned og er obligatorisk for alle lejere.

 **ELEVATOR**

Der er elevatorer i ejendommen, s√• du hurtigt og nemt kan komme op og ned.

 **PLADS TIL OPBEVARING**

Hver bolig f√•r tildelt et depotrum i k√¶lderen til opbevaring.

 **VASKERUM I K√ÜLDER**

I k√¶lderen har du mulighed for at vaske dit t√∏j med helt nye vaskemaskiner.

 _Bem√¶rk at billederne er vejledende og ikke n√∏dvendigvis tilsvarende det specifikke lejem√•l._.",https://www.boligportal.dk/lejligheder/k%C3%B8benhavn/50m2-2-vaer-id-5378437
"Ledvogtervej, 9330 Dronninglund",Dronninglund,Ledvogtervej,9330,57.176051,10.335786,6.000 kr.,600 kr.,120 m¬≤,3,-,Hus,Nej,Nej,Ja,Ja,Ja,Nej,Ja,Ja,A,"villa liggende Ledvogtervej 
med to v√¶relser og sovev√¶relse badev√¶relse med kar og g√¶stetoilet
nyt k√∏kken alrum ca. 60 m2 med godt lys
carport med redskabsrum og stor have
huset er fra 1980
nyt luft til vand
nye tr√¶gulve",https://www.boligportal.dk/huse/dronninglund/120m2-3-vaer-id-2671993
"Jernbanegade, 6330 Padborg  - 1. sal",Padborg,Jernbanegade,6330,54.823901,9.360342,4.370 kr.,940 kr.,62 m¬≤,2,1.,Lejlighed,Nej,Nej,Nej,Nej,Nej,Nej,Nej,Nej,N/A,"Lejem√•let er beliggende p√• Jernbanegade og best√•r af 2 v√¶relser samt k√∏kken og bad. Lejem√•let er 62 m2 og er klar til overtagelse 01-10-2023. M√•nedlig husleje er 4370 kr. og indskud bel√∏ber sig til 14694 kr. 

Send en besked, hvis lejem√•let har fanget din interesse.
For at kunne leje denne bolig, kr√¶ver det man er medlem af boligforeningen. P√• BoligPortal annonceres kun reelt ledige boliger uden eksisterende venteliste p√• annonceringstidspunktet. Venligst kontakt udlejer hvis du er interesseret i lejem√•let.",https://www.boligportal.dk/lejligheder/padborg/62m2-2-vaer-id-5368805
"Holbergsparken, 6000 Kolding, Seest",Kolding,Holbergsparken,6000,55.484715,9.44592,10.400 kr.,N/A,119 m¬≤,4,-,R√¶kkehus,Nej,Nej,Ja,Nej,Nej,Nej,Ja,Ja,N/A,"FLyt ind p√• Holbergsparken og f√• :


Virkelig l√¶kkert r√¶kkehus i 2 plan
Rummelige og lyse rum
2 dejlige toiletter i smagfuld design - en p√• hver etage
Adgang til egen lille hyggelig have med flisebelagt terrasse
Parkering lige foran hovedd√∏ren
Eget skur
Stille omr√•de med gr√∏nne omr√•der som n√¶rmeste nabo

I det attraktive Seest i udkanten af Kolding ligger disse sk√∏nne r√¶kkehuse.

Holbergsparken ligger i et dejligt lukket omr√•de og er derfor ogs√• meget velegnet til b√∏rnefamilier.

I umiddelbar n√¶rhed finder man indk√∏bsmuligheder, skole, b√∏rnehave, osv. Der er ca. 2.5 km til Kolding centrum.",https://www.boligportal.dk/r%C3%A6kkehuse/kolding/119m2-4-vaer-id-5369821
"Munkerisvej, 5230 Odense, Odense M  - 2. sal",Odense,Munkerisvej,5230,55.38183,10.399503,6.955 kr.,675 kr.,77 m¬≤,3,2.,Lejlighed,Nej,Nej,Nej,Nej,Nej,Nej,Ja,Nej,N/A,"Sk√∏n 3-v√¶relses lejlighed i velordnet ejendom.

Der er gode indk√∏bsmuligheder og en placering midt imellem Odense city og Roseng√•rdcentret, giver en god beliggenhed centralt i Odense.
Der er desuden kort afstand til motorvejen og gode forbindelser til offentlig trafik.

Der er altan til lejligheden.

Udover huslejen betales der til udlejer for varme.
Bel√∏bet figurerer under a conto forbrug.
El og antenne opkr√¶ves direkte fra de p√•g√¶ldende forsyningsselskaber.

Der er opvaskemaskine i lejligheden.

Der er adgang til f√∏lgende:
-	F√¶llesvaskeri
-	F√¶lles g√•rdanl√¶g
-	Cykelparkering
-	Depotrum",https://www.boligportal.dk/lejligheder/odense/77m2-3-vaer-id-5365406
"√Ögade, 9000 Aalborg, Aalborg  - 3. sal",Aalborg,√Ögade,9000,57.043101,9.921307,7.495 kr.,500 kr.,89 m¬≤,3,3.,Lejlighed,Nej,Ja,Nej,Nej,Nej,Nej,Nej,Nej,C,"Velkommen indenfor i denne dejlige 3-v√¶relses lejlighed p√• √Ögade i Aalborg Centrum - her er du t√¶t p√• diverse transportmuligheder, indk√∏b, shopping, caf√© m.m.

Lejligheden har lyse tr√¶gulve, store dannebrogsvinduer og charmerende stuk/rosetter i loftet!

De 89 kvadratmeter fordeler sig over en entr√©/fordelingsgang, et rummeligt og lyst k√∏kken med opvaskemaskine, 2 stuer en-suite, et sovev√¶relse samt et toilet/bad med separat bruseniche. 

Kontakt os endelig, hvis du √∏nsker en fremvisning af lejligheden!",https://www.boligportal.dk/lejligheder/aalborg/89m2-3-vaer-id-5377039
"Havneparken, 7100 Vejle  - Stuen",Vejle,Havneparken,7100,55.706212,9.540728,7.995 kr.,800 kr.,68 m¬≤,2,Stuen,Lejlighed,Nej,Nej,Nej,Ja,Nej,Nej,Ja,Ja,N/A,"Velkommen til Havneparken, 7100 Vejle

Lejligheden er velindrettede og fremst√•r med gode og lyse materialer. Lejlligheden har udgang til en dejlig terrasse.

Til denne lejlighed f√•r du :


L√¶kkert lyst k√∏kken med opvaskemaskine
Dejligt badev√¶relse med vaskemaskine og t√∏rretumbler
Eget afl√•st k√¶lderrum
Elevator i opganngen
√ân parkeringsplads i afl√•st parkeringsk√¶lder
F√¶lles gr√∏nneomr√•der
Egen terrasse/altan.

Husdyrhold er ikke tilladt og det er ikke muligt at opn√• tilladelse til husdyrhold.

Bof√¶llesskaber og delebolig er ikke tilladt.

Det er ej heller muligt at leje en bolig, s√•fremt du er registreret i RKI.

Omr√•det:",https://www.boligportal.dk/lejligheder/vejle/68m2-2-vaer-id-5185513
"√òstergade, 9800 Hj√∏rring  - 3. sal",Hj√∏rring,√òstergade,9800,57.459551,9.987986,2.695 kr.,500 kr.,36 m¬≤,1,3.,V√¶relse,Nej,Nej,Nej,Nej,Nej,Nej,Nej,Ja,N/A,"Billiglejlighedi midtbyen!
‚Äì Perfekt placering hvis man √∏nsker at bo byn√¶rt.

Indretning:
Fin og hyggelig 1-v√¶relses lejlighed p√• 36 veludnyttede m¬≤. N√•r man tr√¶der ind i lejligheden, finder man en entr√© med h√∏jskabe i forl√¶ngelse af et mindre k√∏kken. Til h√∏jre tr√¶der man ind i stuen, hvor der er plads til at indrette sig ned flere m√∏belarrangementer f.eks. spisebord og sofa/seng, eller hvad der nu skulle passe til dine behov. Fra k√∏kkenet tr√¶der man ogs√• ind p√• det rummelige toilettet som har en god stor bruseniche.

Beliggenhed:
Fra hovedd√∏ren i ejendommen er der direkte udgang til g√•gaden, s√• bliver placeringen bliver ikke mere central. Der er alt i alt f√• min. gang til diverse indk√∏bs- og shoppingmuligheder, offentlig transport og gr√∏nne omr√•der som Christiansgave og Svanelunden.",https://www.boligportal.dk/v%C3%A6relser/hj%C3%B8rring/36m2-1-vaer-id-5288675
"F√•borggade, 8000 Aarhus, Aarhus C  - 1. sal",Aarhus,F√•borggade,8000,56.14361,10.201764,8.600 kr.,700 kr.,67 m¬≤,2,1.,Lejlighed,Nej,Ja,Nej,Nej,Nej,Nej,Nej,Nej,N/A,"L√¶kker delevenlig lejlighed.
2 fine separate v√¶relser.
K√∏kken med alt i h√•rde hvidevarer bl.a opvaskemaskine. 

Fin g√•rdhave samt k√¶lder med vaskefaciliteter, cykelparkering og depotrum.",https://www.boligportal.dk/lejligheder/aarhus/67m2-2-vaer-id-5270241
"Skanderborgvej, 8751 Gedved  - 2. sal",Gedved,Skanderborgvej,8751,55.939484,9.847571,6.200 kr.,1.300 kr.,110 m¬≤,3,2.,Lejlighed,Nej,Ja,Ja,Nej,Nej,Nej,Nej,Ja,D,"Stor og rummelig lejlighed p√• 110 m 2 med entre og to gode v√¶relser, samt dejligt k√∏kken med √ò i forbindelse med lille hyggelig stue.
Stort WC/Bad og lille bryggers med plads til vaskemaskine og t√∏rretumbler

Lejem√•let opvarmes med fjernvarme

Gode P-forhold og stor f√¶lles have er tilknyttet ejendommen.
Ligger i kort afstand fra motorvej E45, Horsens Nord.
Lejem√•let har energim√¶rket: Energiklasse D",https://www.boligportal.dk/lejligheder/gedved/110m2-3-vaer-id-5354502
"Petersborgvej, 9000 Aalborg, Aalborg  - 1. sal",Aalborg,Petersborgvej,9000,57.041035,9.946436,4.995 kr.,800 kr.,60 m¬≤,2,1.,Lejlighed,Nej,Nej,Nej,Nej,Ja,Nej,Ja,Ja,D,"Flot 2 v√¶relses i Vejgaard med altan. Perfekt til studerende. Fin stue og sovev√¶relse. Flot k√∏kken med opvaskemaskine samt stort badev√¶relse. Depotrum medf√∏lger i afl√•st k√¶lder.
F√¶lles g√•rdanl√¶g med cykelparkering. T√¶t p√• indk√∏b, fitness, cafe, offentlig transport og gr√∏nne arealer. F√¶lles afl√•st vaskeri findes i k√¶lder. 
Privat udlejer. Der er professionelt administrationsfirma tilkoblet. Lejligheden er istandsat inden indflytning (maling v√¶gge, lofter, tr√¶v√¶rk). Gulv er slebet og lejem√•let er rengjort af professionelle. Ved fraflytning afleveres i samme stand. 
Der afholdes lovpligtigt ind- og fraflytningssyn. Fejl, mangler og skader meddeles skriftligt. 
3 mdrs depositum og 1 mdrs forudbetalt leje. Der er individuelle m√•lere p√• vand, varme og el. El afregnes direkte til elforsyning. Vand og varme afl√¶ses √•rligt (og ved fraflytning). Forbrug kan f√∏lges dagligt via app og login fra administrator.
3 mdrs opsigelsesperiode. Den forudbetalte leje d√¶kker den sidste m√•ned i opsigelsesperioden. ). Husdyr IKKE tilladt.
Huslejen er reguleres √•rligt efter nettoprisindekset.

Skriv lidt om dig selv (alder, job/studerende, fritidsinteresser, mail og mobilnummer eller hvad du t√¶nker er vigtigt)

Udlejer: Boligudlejning Nord ApS",https://www.boligportal.dk/lejligheder/aalborg/60m2-2-vaer-id-5375530
"S√∏ndergade, 6520 Toftlund  - 2. sal",Toftlund,S√∏ndergade,6520,55.191693,9.064276,6.124 kr.,N/A,104 m¬≤,3,2.,Lejlighed,Nej,Ja,Nej,Nej,Nej,Nej,Nej,Nej,N/A,"Lejem√•let er beliggende p√• S√∏ndergade og best√•r af 3 v√¶relser samt k√∏kken og bad. Lejem√•let er 104 m2 og er klar til overtagelse snarest. M√•nedlig husleje er 6124 kr. og indskud bel√∏ber sig til 16000 kr. 

Send en besked, hvis lejem√•let har fanget din interesse.
For at kunne leje denne bolig, kr√¶ver det man er medlem af boligforeningen. P√• BoligPortal annonceres kun reelt ledige boliger uden eksisterende venteliste p√• annonceringstidspunktet. Venligst kontakt udlejer hvis du er interesseret i lejem√•let.",https://www.boligportal.dk/lejligheder/toftlund/104m2-3-vaer-id-5232428
"Heliosv√¶nget, 5250 Odense, Odense SV  - 1. sal",Odense,Heliosv√¶nget,5250,55.361668,10.353489,3.076 kr.,600 kr.,31 m¬≤,1,1.,Lejlighed,Nej,Nej,Nej,Nej,Nej,Nej,Nej,Ja,C,"1. v√¶r. lejlighed best√•ende af entre, k√∏kken, bad, stue/sovev√¶relse er ledig nu.

Lejem√•let udlejes uden hvidevare, dog med emh√¶tte.

Det er muligt at leje en parkeringsplads for 200,00 kr. pr. m√•ned.

Lejere der er registreret I RKI kommer ikke i betragtning.

Henvendelser kun via BoligPortal",https://www.boligportal.dk/lejligheder/odense/31m2-1-vaer-id-4302088
"S√∏ndergade, 9900 Frederikshavn  - 2. sal",Frederikshavn,S√∏ndergade,9900,57.435678,10.532154,3.450 kr.,800 kr.,55 m¬≤,2,2.,Lejlighed,Nej,Nej,Nej,Nej,Nej,Nej,Nej,Nej,C,"Dejlig kvistlejlighed beliggende i byejendom centralt i Frederikshavn. 
Ejendommen indeholder 4 boliglejem√•l, alle i stort set samme st√∏rrelse, og 2 butikslejem√•l i stueplan. Der er en f√¶lles have, som alle lejerne i ejendommen er f√¶lles om.
Lejligheden indeholder entre, hyggelig stue med kig ned i gaden, p√¶nt k√∏kken med vaskemaskine, sovev√¶relse og badev√¶relse med brus. 
Lejer opkr√¶ves a'conto varme og vand/vandafledning, ialt kr. 800,- oven i huslejen.
Lejer bliver selvst√¶ndigt tilmeldt el.
Ejendommen opvarmes med fjernvarme.",https://www.boligportal.dk/lejligheder/frederikshavn/55m2-2-vaer-id-3957670
"Absalonsgade, 5000 Odense, Odense C  - 1. sal",Odense,Absalonsgade,5000,55.391372,10.393004,10.300 kr.,600 kr.,93 m¬≤,4,1.,Lejlighed,Nej,Ja,Ja,Nej,Nej,Nej,Nej,Ja,D,Lejligheden er 100% renoveret. S√•ledes med nyt k√∏kken og badev√¶relse med varme i gulv og l√¶kreste materialer. Alt i lejligheden er renoveret og meget lys og rolig. Dejlig ejendom med hyggelig have. Perfekt beliggenhed. T√¶t p√• byen og universitetet - men stadig meget rolig.,https://www.boligportal.dk/lejligheder/odense/93m2-4-vaer-id-3602954
"Danmarksgade, 9000 Aalborg, Aalborg  - 4. sal",Aalborg,Danmarksgade,9000,57.045226,9.926298,3.875 kr.,0 kr.,16 m¬≤,1,4.,V√¶relse,Nej,Nej,Nej,Nej,Nej,Nej,Ja,Ja,D,"V√¶relse lejes ud i tag-lejlighed i Danmarksgade Aalborg. Jeg bor ikke selv i lejligheden. Lejligheden best√•r af 4 v√¶relser, samt et f√¶llesareal p√• ca. 80 kvm, hvilket ogs√• d√¶kker over en tagterasse. Lejligheden ligger p√• 4 sal, hvor man ikke h√∏rer meget til st√∏j fra gaden. Lejen er inklusiv alt. vand, varme, internet og vask. Rygning er kun tilladt ude p√• tagterassen. F√¶llesareal er m√∏bleret, samt de fleste ting til k√∏kken er der allerede. Der er 2 k√∏le/frys i lejligheden, s√• rigelig med plads til alles madvarer. Lige nu er 2 v√¶relser lejet ud. 

Lejlighedens adresse:
Danmarksgade, 4. sal
9000 Aalborg

Mvh
Rasmus

English version:

I don't live in the apartment myself, it is a 4-room shared flat. The apartment has a large common area and a roof terrace. The rent is all inclusive, water, heating, internet and washing. Smoking is only permitted outside on the roof terrace. The common area is furnished, and most things for the kitchen are already there. There are 2 fridges/freezers in the apartment, so plenty of room for everyone's groceries.

There is also a smaller room available, this is approx. 10 Sq.m. The rent for this is DKK 3475 per month.

Apartment address:
Danmarksgade, 4th floor
9000 Aalborg

Sincerely
Rasmus",https://www.boligportal.dk/v%C3%A6relser/aalborg/16m2-1-vaer-id-5320606
"Strandvej, 4220 Kors√∏r  - Stuen",Kors√∏r,Strandvej,4220,55.336438,11.133797,10.857 kr.,2.710 kr.,111 m¬≤,3,Stuen,Lejlighed,Nej,Nej,Ja,Ja,Nej,Nej,Ja,Ja,B,"Flot lejlighed med beliggenhed helt ud til vandkanten, med med to store terrasser. Egen p- plads og natursk√∏nne omgivelser.

Lejligheden fremst√•r lys og vendelig.
Lejligheden har k√∏kken alrum, stue, 2 v√¶relser, entre og badev√¶relse.

Lejligheden er i forskudt plan, med en flisebelagt terrasse mod syd og en altan mod nord, dette giver mulighed for at sol ind af de store vinduer hele dagen.  
 
Lejligheden er med tr√¶gulve som er gennemg√•ende i stue, k√∏kken, v√¶relser og en rummelig gang. 
K√∏kkenet er fuldt udstyret med en massiv tr√¶bordplade, moderne grebsl√∏se k√∏kkenelementer, Kogeplade, ovn, emh√¶tte, k√∏leskab og opvaskemaskine.

Badev√¶relset er med fliser, granitbordplade, vaskemaskine, v√¶gh√¶ngte
toilet og h√•ndkl√¶det√∏rrer.

Opgang med terrazzo som giver et naturligt gnisterne look og en nyere rummelig elevator, som er udstyret med spejl.

Ejendommen har bl√∏dg√∏ringsanl√¶g monteret. fjernvarme installeres ultimo Septemper.

Telefontid i hverdage fra 08:00 - 16:00",https://www.boligportal.dk/lejligheder/kors%C3%B8r/111m2-3-vaer-id-5344732
"Alstrupparken, 9530 St√∏vring  - 1. sal",St√∏vring,Alstrupparken,9530,56.892679,9.836718,5.285 kr.,1.032 kr.,66 m¬≤,2,1.,Lejlighed,Nej,Nej,Nej,Nej,Nej,Nej,Nej,Nej,N/A,"Description is coming
For at kunne leje denne bolig, kr√¶ver det man er medlem af boligforeningen. P√• BoligPortal annonceres kun reelt ledige boliger uden eksisterende venteliste p√• annonceringstidspunktet. Venligst kontakt udlejer hvis du er interesseret i lejem√•let.",https://www.boligportal.dk/lejligheder/st%C3%B8vring/66m2-2-vaer-id-5372139
"N√∏rregade, 8800 Viborg  - Stuen",Viborg,N√∏rregade,8800,56.45224,9.404011,6.400 kr.,1.300 kr.,97 m¬≤,3,Stuen,Lejlighed,Nej,Ja,Nej,Nej,Nej,Nej,Nej,Ja,N/A,"3 v√¶relses lejlighed p√• 97 kvm.

Renoveret lejlighed, med stort k√∏kken med alt i hvidevare ogs√• t√∏rre-vaskemaskine, rummeligt renoveret badev√¶relse. Store lyse v√¶relser med franske d√∏re.

Med parkeringsplads",https://www.boligportal.dk/lejligheder/viborg/97m2-3-vaer-id-5143080
"Strandvejen, 9000 Aalborg, Aalborg  - 4. sal",Aalborg,Strandvejen,9000,57.053293,9.911053,7.500 kr.,800 kr.,72 m¬≤,2,4.,Lejlighed,Nej,Nej,Nej,Nej,Nej,Nej,Nej,Nej,A,"L√¶kker New-Yorker lejlighed beliggende i Aalborg vestby.
Lejligheden indeholder √©ntre, mindre opbevaringsrum, sovev√¶relse, badev√¶relse samt et k√∏kken-alrum. Lejlighedens stil er inspireret af et industrielt boligkvarter i Brooklyn, New York i form af r√• detaljer som pudsede lofter og fritliggende r√∏r, som skaber en rustik atmosf√¶re i boligen. Mellem stue og sovev√¶relse er der en stor vinduesv√¶g, som f√•r pladsen til at synes st√∏rre og giver et godt lysindfald i lejligheden.
I lejlighedens minimaliske k√∏kken er der indbyggede hvidevarer med f√∏lgende:
Der er i lejlighedens badev√¶relse gulvvarme, vask samt skuffer. Derudover er der installeret:
I lejlighedens sovev√¶relse er der et stort garderobeskab.
Gulvene i lejligheden er belagt med vinyl i tr√¶look.",https://www.boligportal.dk/lejligheder/aalborg/72m2-2-vaer-id-4837203
"Haraldsgade, 5000 Odense, Odense C  - K√¶lder",Odense,Haraldsgade,5000,55.396749,10.402296,6.100 kr.,750 kr.,73 m¬≤,2,K√¶lder,Lejlighed,Nej,Nej,Nej,Nej,Nej,Nej,Nej,Nej,N/A,"Nyistandsat k√¶lderlejlighed ledig straks.
250 mm isolering i gulv, alle yderv√¶gge er isoleret.
Komfur, emh√¶tte og k√∏leskab.
Opvaskemaskine ops√¶ttes inden indflytning.
F√¶lles have.
K√¶lderrum.
Forudbetalt leje kan afdrages over 2 mdr.
Varme, 450, vand, 300 + TV.
Udlejes ikke til studerende/elever, der bor alene.
Lejligheden er ikke delevenlig, kun for et par. 
Energim√¶rke: C
Billeder af lejligheden f√∏lger.
Mail: navn, telefonnummer, antal og besk√¶ftigelse, og vi vender hurtigt tilbage med et tidspunkt for fremvisning.
22-03-23",https://www.boligportal.dk/lejligheder/odense/73m2-2-vaer-id-5267230
"Bredgade 17, 7441 Bording",Bording,Bredgade 17,7441,56.145586,9.278559,6.500 kr.,600 kr.,102 m¬≤,3,-,Lejlighed,Nej,Nej,Nej,Nej,Nej,Nej,Nej,Ja,N/A,Helt nyt k√∏kken og badev√¶relse og med ny slebne gulve.1 minut til indk√∏b 365.,https://www.boligportal.dk/lejligheder/bording/102m2-3-vaer-id-5316005
"√Öparken, 8000 Aarhus, Aarhus C  - Stuen",Aarhus,√Öparken,8000,56.154848,10.186852,5.395 kr.,300 kr.,31 m¬≤,1,Stuen,Lejlighed,Nej,Nej,Ja,Ja,Nej,Nej,Nej,Nej,N/A,"OBS - Forventet indflytning 04.12.2023.

Teglg√•rdens studio-lejligheder er et small living koncept skabt til alle, der dr√∏mmer om at downsize hverdagen. Her f√•r du en flot, nybygget lejlighed midt i Tr√¶lasten og i et byggeri med b√¶redygtige tiltag med plads til f√¶llesskab, naboskab og n√¶rv√¶r.

1-v√¶relseslejlighederne er indrettet med fleksible multim√∏bler, der samler flere funktioner i √©t og udnytter hver eneste kvadratmeter. Det giver en overraskende rummelighed trods et lille areal. Og s√• kan du bo mindre og f√• plads til mere af det, der betyder noget for dig ‚Äì plads til at opleve, plads til at rejse, plads til at nyde livet, naturen og byen.

SMALL LIVING MED FLEKSIBELT MULTIM√òBEL
Hjertet i dit nye studio er det fleksible multim√∏bel fra Stykka.

Med det f√•r du et multim√∏bel, der kan bruges som sofa eller forvandles til en seng, omkranset af skabe, hylder og gennemt√¶nkt opbevaring fra gulv til loft samlet i √©t m√∏bel.

K√òKKEN OG BADEV√ÜRELSE MED RUM TIL HVERDAGEN
Her er sm√•t og godt, fordi god mad og et bad ikke kr√¶ver en balsal, n√•r blot pladsen er udnyttet optimalt.

Derfor er k√∏kkenet i vores studios pladsoptimerede med grebsfrie l√•ger, keramisk koge√∏, indbygget ovn og et k√∏leskab, s√• bordpladsen er s√• stor som muligt og fri til madlavning.

Badev√¶relset har det, du skal bruge. Hverken mere eller mindre. Et hygiejnisk v√¶gh√¶ngt toilet frigiver gulvplads, der er integreret skab under vasken med skuffer og opbevaring, og brusekabinen har glasd√∏r, s√• lyset kommer ind, og rummet virker st√∏rre.",https://www.boligportal.dk/lejligheder/aarhus/31m2-1-vaer-id-5363279
"Lysbrolysningen, 8600 Silkeborg  - 2. sal",Silkeborg,Lysbrolysningen,8600,56.156044,9.50092,9.500 kr.,0 kr.,97 m¬≤,3,2.,Lejlighed,Nej,Ja,Ja,Ja,Ja,Nej,Ja,Nej,A,"De 99 lejligheder er beliggende i parterre og op til 2. sal og der er elevator til alle etager i ejendommen.

Alle boligerne er lyse og indbydende med hvidt inventar, hvide v√¶gge og lyse lofter og der er anvendt kvalitetsmaterialer som er nemme at holde.

P√• badev√¶relse er der gr√• klinker p√• gulvet, mens der i de √∏vrige rum er lyse, slidst√¶rke laminatgulve med egetr√¶slook. Der er faste hvide HTH-elementer i k√∏kken, bad, v√¶relser og entr√©/bryggers.

Ventilationsanl√¶g er installeret i hver bolig, hvilket giver et godt indeklima og en stabil varme i alle rum og der opvarmes med fjernvarme.

Alle boliger har eget skur/depotrum og der er gratis f√¶llesparkering i omr√•det. Der er ligeledes f√¶lles cykelparkering. 

Alle lejligheder har udvendig stikkontakt i forbindelse med altan/terrasse.

Fakta:

Velisolerede boliger bygget ud fra Byggereglement BR18 (energim√¶rke A2015)

Str√∏mforbrug afregnes direkte med elselskabet

Vand og varme afregnes direkte med forsyningsselskabet

Der er gulvvarme i alle rum

H√•rde hvidevarer: I k√∏kkenet findes opvaskemaskine, k√∏le-/fryseskab, ovn og glaskeramisk kogeplade. Vaskemaskine og t√∏rretumbler er installeret i badev√¶relse

Der er installeret fibernet i ejendommen (YouSee og Waoo)

Hver bolig har eget skur som er placeret t√¶t p√• bygningerne

√ât k√¶ledyr er tilladt pr. lejem√•l mod godkendelse fra udlejer

Affaldssortering er via affaldsstationer t√¶t p√• bygningerne

Bem√¶rk: Plantegninger er vejledende og billeder er fra en indrettet pr√∏vebolig, som kan v√¶re af en anden type.",https://www.boligportal.dk/lejligheder/silkeborg/97m2-3-vaer-id-5337771
"Kattesundet, 9000 Aalborg, Aalborg  - Stuen",Aalborg,Kattesundet,9000,57.050918,9.91735,6.700 kr.,500 kr.,65 m¬≤,2,Stuen,Lejlighed,Nej,Nej,Ja,Nej,Nej,Nej,Nej,Nej,N/A,"Total nyistandsat lejlighed med nyt k√∏kken, nyt bad og nye vinduer i Centrum Aalborg. Der er adgang til nyt vaskehus og lille rum i k√¶lder til hver lejlighed. Hele ejendommen er nyistandsat. Ring for fremvisning.

PS. Der m√• v√¶re en lille hund i lejligheden.",https://www.boligportal.dk/lejligheder/aalborg/65m2-2-vaer-id-4804274
"Kromarken, 7730 Hanstholm  - 1. sal",Hanstholm,Kromarken,7730,57.112911,8.60924,3.266 kr.,260 kr.,50 m¬≤,1,1.,Lejlighed,Nej,Nej,Ja,Nej,Nej,Nej,Nej,Nej,N/A,"Lejlighederne og r√¶kkehusene p√• Kromarken er meget forskellige og der findes 1, 2, 3 og 4 v√¶relses boliger i st√∏rrelsen 32 - 105 m2. En del boliger p√• Kromarken har egen terrasse og en lille have. Boligerne er placeret t√¶t p√• indk√∏b, skole og sportshal, og der er gode udenoms arealer til b√∏rn.

Vedligeholdelse
Bebyggelsen er godt vedligeholdt. Bebyggelsens ejendomsfunktion√¶r vedligeholder de f√¶lles gr√∏nne omr√•der og tager sig af mindre reparationer i boligerne.
For at kunne leje denne bolig, kr√¶ver det man er medlem af boligforeningen. P√• BoligPortal annonceres kun reelt ledige boliger uden eksisterende venteliste p√• annonceringstidspunktet. Venligst kontakt udlejer hvis du er interesseret i lejem√•let.",https://www.boligportal.dk/lejligheder/hanstholm/50m2-1-vaer-id-5367134
"Riddergade, 7000 Fredericia  - 2. sal",Fredericia,Riddergade,7000,55.567355,9.75638,6.995 kr.,750 kr.,107 m¬≤,4,2.,Lejlighed,Nej,Nej,Nej,Nej,Nej,Nej,Ja,Nej,N/A,"Lejem√•let er beliggende p√• Riddergade og best√•r af 4 v√¶relser samt k√∏kken og bad. Lejem√•let er 107 m2 og er klar til overtagelse snarest. M√•nedlig husleje er 6995 kr. og forudbetalt husleje og depositum bel√∏ber sig til i alt 20985 kr. 

Send en besked, hvis lejem√•let har fanget din interesse.
Send gerne en sms, hvis du er er interesseret i lejem√•let",https://www.boligportal.dk/lejligheder/fredericia/107m2-4-vaer-id-5356073
"Elna Munchs Gade, 8220 Aarhus, Brabrand  - 1. sal",Aarhus,Elna Munchs Gade,8220,56.157513,10.141607,5.895 kr.,450 kr.,46 m¬≤,2,1.,Lejlighed,Nej,Nej,Nej,Ja,Nej,Nej,Nej,Ja,A,"Vi afholder √Öbent hus i vores pr√∏vebolig hver s√∏ndag fra kl. 11:45 - 12:15. Adressen er: Elna Munchs Gade 3, st. 1.

Ved Ringvejen ikke langt fra Aarhus C, er en helt ny urban, pulserende og attraktiv bydel ved at tage form, og i bygningerne har studie- og ungdomslivet de helt perfekte rammer.  
 
Bo til leje i en af bygningens 165 lejeboliger i de bedste materialer og kvaliteter, fordelt p√• 1-, 2- og 3-v√¶relses lejligheder. Her er l√¶kkert k√∏kken og badev√¶relse, og plads til b√•de sove-, hygge- og studiemilj√∏. I lejlighederne er der k√¶let for alle detaljer, s√• der kan stilles skarpt p√• studierne i helt nye og cool rammer.   

Alle lejeboligerne har udsigt til lyst, gr√∏nt g√•rdrum ‚Äì og s√• er der altaner eller terrasser til n√¶sten alle boliger. Bygningen er tegnet af Ramb√∏ll Arkitekter, er i fire etager og opf√∏rt i sektioner af b√•de lyse og m√∏rke tegl, som giver bebyggelsen et eksklusivt og markant udtryk. Tre m√∏rke og elegante tagh√¶ldninger skaber depotrum til lejlighederne p√• toppen og giver huset sit helt eget look.  
 
GL√ÜD DIG til din nye, kommende studiebolig, midt i et innovativt og nyudviklet omr√•de med genial infrastruktur og masser af liv ‚Äì t√¶t p√• storbyen
 
INDRETNING:
Denne 46 m2 lejlighed byder velkommen i en funktionel entr√© med plads til opbevaring af overt√∏j og sko. En lille alkove giver mulighed for et soveomr√•de eller hjemmekontor. K√∏kkenet er √•bent og integreret i opholdsomr√•det, der kommer med moderne materiale og tilstr√¶kkelig opbevaringsplads. Badev√¶relset er funktionelt med separat bruseniche. Stuen er det centrale opholdsomr√•de, indrettet med en behagelig sofa og underholdningsenheder. 
 
OBS! Billeder er fra lignende lejem√•l",https://www.boligportal.dk/lejligheder/aarhus/46m2-2-vaer-id-5365954
"Ryesgade, 9000 Aalborg, Aalborg  - 3. sal",Aalborg,Ryesgade,9000,57.054442,9.903163,4.374 kr.,700 kr.,48 m¬≤,2,3.,Lejlighed,Nej,Nej,Nej,Nej,Nej,Nej,Nej,Nej,N/A,"Lys og indbydende 2-v√¶relses lejlighed p√• Ryesgade i Aalborg udlejes. 

Lejligheden er beliggende  i den popul√¶re Aalborg Vestby. Her er t√¶t til dagligvare, offentlig transport, fitness, Aalborg stadion, sv√∏mmehal, Aalborg Street Food, Vestre Fjordpark samt mange gr√∏nne omr√•der og Aalborg Centrum. 

N√•r du tr√¶der ind i lejlighedens √•bne fordelingsgang finder du adgang til samtlige rum. Lejligheden har et rummeligt lyst k√∏kken, et toilet samt en hyggelig stue og et v√¶relse. Bem√¶rk at brusekabinen er i v√¶relset. 

Lejem√•let overtages nymalet og med nybehandlede gulve.",https://www.boligportal.dk/lejligheder/aalborg/48m2-2-vaer-id-5211335
"Neder-Holluf-Vej, 5220 Odense, Odense S√ò",Odense,Neder-Holluf-Vej,5220,55.358918,10.45015,7.995 kr.,0 kr.,98 m¬≤,4,-,Hus,Nej,Nej,Nej,Nej,Nej,Nej,Ja,Ja,N/A,"Attraktiv og rummelig 4. v√¶r. r√¶kkevilla p√• 98 kvm. med stor flisebelagt g√•rdhave og redskabsrum foran huset og udgang til baghave med gr√¶s og fliser. Der er p-plads til boligen. 

Store gr√∏nne omr√•der med legeplads.

Stueplan indeholder:
Entr√© med skabsplads, opholdsstue med trappel√∏b til 1. sal, p√¶nt k√∏kken med terrassed√∏r til have.
1. salen indeholder:
1 sovev√¶relse med indbyggede skabe og 2 gode v√¶relser, stort badev√¶relse med plads til vaskemaskine og t√∏rretumbler.

Faciliteter i omr√•det
- 3 gode b√∏rnehaver med vuggestuer
- Holluf Pile Skole med SFO
- Tornbjerg Gymnasium
- Syddansk Universitet og universitetssv√∏mmehallen
- Odense Congress Center, Stadium Arena Fyn og IKEA
- Holluf Pile Bibliotek
- Idr√¶tsklub
- Rideskole i Killerup
- Lokal k√∏bmand
- 5 min. K√∏rsel til Bilka og Roseng√•rdcentret
- Marker og skov beliggende i landzone
- ¬Ω km. fra Hollufg√•rd og Odense Golf Klub

Godt udbygget cykelstisystem, som forbinder ovenn√¶vnte faciliteter. Der er bybusrute til d√∏ren, og Neder Holluf Vej er en A-Vej, s√• den sneryddes i den kategori. Der er nem og hurtig adgang til motorvejsafk√∏rsel 49 og 50, henholdsvis 3,6 og 3,4 km.
Endvidere natursti p√• marken langs √•en, som indbyder til dejlige ture videre langs Lindved √Ö og Hollufg√•rd + park + golfbanen, ud til engene og videre til universitetets omr√•de.",https://www.boligportal.dk/huse/odense/98m2-4-vaer-id-1063732
"Vestergade, 6270 T√∏nder  - 1. sal",T√∏nder,Vestergade,6270,54.93485,8.865105,3.900 kr.,950 kr.,60 m¬≤,2,1.,Lejlighed,Nej,Nej,Nej,Nej,Nej,Nej,Nej,Nej,G,"Fin 2 v√¶relses lejlighed beliggende p√• 1. sal p√• g√•gaden i T√∏nder by.

Indeholder stue/entre, k√∏kken med spisestue samt et sovev√¶relse.

Klar til indflytning.",https://www.boligportal.dk/lejligheder/t%C3%B8nder/60m2-2-vaer-id-4994329
"Sanderumvej, 5250 Odense, Odense SV",Odense,Sanderumvej,5250,55.36965,10.308575,2.450 kr.,0 kr.,21 m¬≤,1,-,V√¶relse,Nej,Nej,Nej,Nej,Ja,Nej,Ja,Ja,N/A,"Lyst v√¶relse p√• 21 m2 ledigt straks, f√¶lles k√∏kken og bad med √∏vrige v√¶relser. V√¶relse nr. 3
El, vand og varme er inklusiv i huslejen!
Husleje kr. 2.450,- inkl. forbrugsafgifter. 
Depositum 3 m√•neders husleje + 1 m√•neders forudbetalt husleje.",https://www.boligportal.dk/v%C3%A6relser/odense/21m2-1-vaer-id-4795707
"Sidesporet, 8930 Randers, Randers N√ò  - Stuen",Randers,Sidesporet,8930,56.465169,10.056891,9.425 kr.,N/A,101 m¬≤,3,Stuen,Lejlighed,Nej,Ja,Ja,Ja,Ja,Nej,Ja,Ja,N/A,"Helt nybygget lejlighed hvor du har mulighed for at v√¶re den f√∏rste lejer.

Lejligheden er en 3-v√¶relses lejlighed i stueetagen p√• i alt 101,1 kvadratmeter med egen sydvestvendt terrasse.

Lejligheden har flotte lyse tr√¶gulve overalt i lejem√•let med undtagelse af badev√¶relset, hvor der er m√∏rke klinker. Der er gulvvarme i hele lejem√•let.

I k√∏kkenet medf√∏lger alt i h√•rde hvidevarer, og der betyder derfor, at du f√•r emh√¶tte, k√∏le/fryseskab, induktionskogeplade, indbygningsovn samt opvaskemaskine med i huslejen. Der er desuden vaskes√∏jle ude p√• badev√¶relset.

Til ejendommen er der b√•de parkering, cykelparkering og elevator. Til lejem√•let er der skur, som kan tilg√•s ude foran ejendommen.

Der kan s√∏ges om s√¶rskilt tilladelse til at holde et husdyr i lejem√•let.",https://www.boligportal.dk/lejligheder/randers/101m2-3-vaer-id-5254587
"Pollenv√¶nget, 8381 Aarhus, Tilst  - 1. sal",Aarhus,Pollenv√¶nget,8381,56.185737,10.126682,6.395 kr.,500 kr.,45 m¬≤,2,1.,Lejlighed,Nej,Nej,Ja,Ja,Ja,Nej,Ja,Ja,N/A,"Fuldst√¶ndig ny, lys og l√¶kker 2-v√¶relses lejlighed med kort afstand til Aarhus centrum. 

Du bliver den allerf√∏rste, der bor i boligen. Der er derfor ingen andre, der har brugt de h√•rde hvidevarer, som allerede er installeret, n√•r du flytter ind. Der er heller ingen andre, der har g√•et rundt p√• de nye gulve, som alle er med gulvvarme. I lejligheden f√•r du en stor stue og to v√¶relser med god plads. 

Til hver bolig f√∏lger et rummeligt depotrum, og der er god plads i den f√¶lles indend√∏rs cykel k√¶lder. 

Boligen har store vinduer og et dejligt lysindfald. Vinduerne er med trelagsglas, og isoleringen er derfor i topkvalitet. Din varmeregning vil takke dig. 

Du f√•r en stor altan, der er godt afsk√¶rmet fra dine naboer. I ejendommen er der desuden to f√¶lles tagterrasser, som du frit kan benytte til grillaftener eller solbadning. G√•rdmilj√∏et er indrettet gr√∏nt og afslappende med blandt andet hyggekroge og petanquebane. 

Som beboer i Blomsterhaven har du gratis parkering, og hvis du har husdyr eller dr√∏mmer om det, er det tilladt i alle de nye lejligheder. 



Billederne er vejledende og der tages forbehold for √¶ndringer.",https://www.boligportal.dk/lejligheder/aarhus/45m2-2-vaer-id-5367002
"Skarrids√∏gade, 4450 Jyderup  - 2. sal",Jyderup,Skarrids√∏gade,4450,55.659457,11.401161,5.879 kr.,1.100 kr.,78 m¬≤,2,2.,Lejlighed,Nej,Nej,Nej,Nej,Nej,Nej,Nej,Nej,N/A,"Dejlig 2 v√¶relsers lejlighed.

Indeholder: Dejligt k√∏kken, nyere badev√¶relse, p√¶n stue og sovev√¶relse.

Henvendelse mandag mellem kl. 9-15 og onsdag mellem kl. 13-15.",https://www.boligportal.dk/lejligheder/jyderup/78m2-2-vaer-id-4709740
"Markvangen, 8260 Aarhus, Viby J",Aarhus,Markvangen,8260,56.1314,10.151591,3.100 kr.,250 kr.,12 m¬≤,1,-,V√¶relse,Nej,Nej,Nej,Nej,Nej,Nej,Ja,Ja,D,"Hyggeligt v√¶relse i en stor villalejlighed p√• 177 m2 udlejes.

OBS: El og vand er inkluderet i den oplyste leje. Varme betales a conto 250 kr. / mdr.

Du kommer til at bo med 4 andre lejere der ogs√• hver har deres egne store v√¶relser.

I midten af lejligheden er der stort f√¶llesareal med spisestue og stort k√∏kken, f√¶llesrum og bryggers.

V√¶relset ligger p√• 1. sal med et andet v√¶relse. Her er ogs√• masser plads p√• stort f√¶llesareal. Her er plads til sofa, arbejdsbord, mv.

I lejligheden er ‚Ä®der opvaskemaskine, ovn, komfur, k√∏leskab og fryser samt opvaskemaskine og t√∏rretumbler. 

Til ejendommen befinder der sig en hyggelig sydvest vendt have.. Der er endvidere parkering p√• ejendommen.

Ligger i p√¶nt og roligt boligkvarter i Viby lige ved Viby Torv og Erhvervsakademiet. Her er i √∏vrigt gode busforbindelser, s√•ledes kan centrum samt byens uddannelsesmuligheder n√•s hurtigt. Derudover er der indk√∏b og fitness lige rundt om hj√∏rnet.

V√¶relset er med overtagelse hurtigst muligt og med en ubegr√¶nset lejeperiode.",https://www.boligportal.dk/v%C3%A6relser/aarhus/12m2-1-vaer-id-5377847
"F√•borgvej, 6753 Agerb√¶k",Agerb√¶k,F√•borgvej,6753,55.600141,8.801822,3.950 kr.,0 kr.,62 m¬≤,2,-,Lejlighed,Nej,Nej,Nej,Nej,Nej,Nej,Nej,Ja,N/A,"Opgang - stue/k√∏kkenalrum - v√¶relse - bad/toilet
Lejem√•let opvarmes med el - forbrug afregnes direkte med udbyder.",https://www.boligportal.dk/lejligheder/agerb%C3%A6k/62m2-2-vaer-id-5356064
"Avns√∏toften, 8600 Silkeborg  - Stuen",Silkeborg,Avns√∏toften,8600,56.137721,9.565471,9.250 kr.,0 kr.,88 m¬≤,3,Stuen,Lejlighed,Nej,Ja,Ja,Nej,Ja,Nej,Ja,Ja,A,"Denne bolig p√• 88 kvadratmeter i √©t plan, er fordelt p√• 2 v√¶relser og et dejligt k√∏kkenalrum med udgang til egen terrasse. Boligen er trappefri og er beliggende i stueplan.

Boligen er udstyret med gr√∏n varmepumpe, s√• du kan blive fri af gas og gasbaseret fjernvarme.

Boligen ligger i det attraktive og natursk√∏nne Virklund, 3-4 km syd for Silkeborg centrum. I nabolaget er et v√¶ld af friluftsaktiviteter. Du bliver nemlig nabo til √òsterskoven, hvor du kan g√• p√• svampejagt eller f√• naturoplevelser langs Brass√∏ eller Ugles√∏. Alternativt kan du hoppe i Almind s√∏, som er √©n af Danmarks reneste bades√∏er, fra √òstre S√∏bad (1km v√¶k). Om vinteren er der endda mulighed for vinterbadning med sauna.
Thors√∏ (1,2 km) i Virklund byder ogs√• p√• vinterbadning, og hvis du er medlem af Virklund Outdoor f√•r du ogs√• adgang til klubbens kajakker, kanoer og SUP boards.

Er du til cykling, kommer du her til at bo i et landets bedste omr√•der med adgang til en af Danmarks bedste mountainbikeruter som er flittigt bes√∏gt af entusiaster fra hele landet. Er du mere til racercykel, s√• er S√∏h√∏jlandet ligeledes meget popul√¶rt, og med beliggenheden i Virklund er en tur rundt om Juls√∏, Borres√∏ og Brass√∏ helt oplagt.

Den lokale idr√¶tsforening, Virklund Boldklub byder b√•de p√• fodbold, h√•ndbold, tennis, paddle tennis, badminton og gymnastik.

B√∏rneliv Virklund skole er en meget popul√¶r og lokalt forankret skole og de integrerede b√∏rnehaver/vuggestuer ""Virklund B√∏rnehus"" og ""Troldeh√∏jen"" ligger ligeledes t√¶t p√•.

Indelukkets nybyggede superlegeplads ligger lige i baghaven. Og medlemskab i Aqua giver b√•de natur og dyreoplevelser kombineret med en meget popul√¶r legeplads der tiltr√¶kker b√•de lokale og turister.

Der er kort sagt masser af attraktive tilbud i n√¶romr√•det til Christinedalen.

Pendlervenlig bolig
Fra natursk√∏nne Silkeborg kan du b√•de n√• Aarhus, Herning, Horsens, Viborg eller Randers p√• relativt kort tid.
Med den nye Nordskovvej er det lettere end nogensinde at komme p√• motorvejen, s√• du inden for 40 min. kan befinde dig i Aarhus, ligesom der blot 30 min. til Herning.

√ònsker du at tage toget mod √Örhus eller Herning er der under 4 km til Silkeborg station.",https://www.boligportal.dk/lejligheder/silkeborg/88m2-3-vaer-id-5358854
"Kjeld Abellsvej, 7100 Vejle  - Stuen",Vejle,Kjeld Abellsvej,7100,55.726837,9.529574,9.700 kr.,900 kr.,105 m¬≤,3,Stuen,Lejlighed,Nej,Nej,Ja,Nej,Nej,Nej,Ja,Ja,N/A,"Nu udbydes denne attraktive lejlighed som foruden beboelsen indeholder en stor altan p√• ikke mindre end 23 m2.

Lejligheden er beliggende i Vejle¬¥s nye projekt ""Filterv√¶rket"" som er et flot designet byggeri med i alt 5 bygninger indeholdende 47 lejligheder opf√∏rt i sp√¶ndende arkitektonisk stil hvor der is√¶r er lagt v√¶gt p√• den smukke beliggenhed i Grejsdalen ved Vejle og den omkringliggende skov.
 
Lejligheden som er en 3 v√¶relses indeholdende:

Stor entre, k√∏kken (Invita design) i √•benforbindelse med stue hvor der ligeledes er adgang til den unikke altan, badev√¶relse med bruseniche samt 2 gode sovev√¶relser. 

Der medf√∏lger endvidere mindre depotrum til lejligheden.   

De udvendige arealer s√•som adgangsveje, parkeringspladser samt det interne fortov langs terrassehusene er udf√∏rt i niveau af hensyn til gangbesv√¶rede og k√∏restolsbrugere.

Husdyr tillades efter s√¶rskilt aftale med udlejer.

Kontakt os allerede i dag for yderligere information samt eventuel fremvisning. 

OBS: Billederne er fra lignende lejem√•l",https://www.boligportal.dk/lejligheder/vejle/105m2-3-vaer-id-2811567
"Infanterivej, 8930 Randers, Randers N√ò  - 2. sal",Randers,Infanterivej,8930,56.481697,10.036783,4.500 kr.,950 kr.,80 m¬≤,3,2.,Lejlighed,Nej,Ja,Nej,Nej,Nej,Nej,Ja,Ja,D,"Lejligheden bet√•r af:
Entre,  k√∏kken med spiseplads, 2 sammenh√¶ngende stuer (stue/arbejdsv√¶relse)mulighed for at montere en skyded√∏r, s√• der bliver et ekstra v√¶relse, sovev√¶relse, walk-in closet, badev√¶relse med brus samt overd√¶kket altan imod syd, hvor du kan nyde solen i dagstimerne. 
Adgang til f√¶lles vaskeri incl. t√∏rretumbler og s√¶rskilt t√∏rrerum, cykelk√¶lder og afl√•st depotrum.
Indgang til lejligheden sker via svalegang.

Istandsat, klar til indflytning
Gratis p-plads ved ejendommen, endvidere mulighed for leje af garage.
Gr√∏nne f√¶llesarealer.

Omr√•det byder p√• mange gode indk√∏bsmuligheder, hvor F√∏tex, Jysk, Rema 1000, Silvan og Netto, ligger inden for f√• minutters k√∏rsel. Offentlig transport, finder du f√• hundrede meter fra ejendommen. 
Skole, daginstitutioner mm., er ligeledes inden for kort afstand. 

Ejerforeningen har vedtaget forbud imod hundehold:
Det er ikke tilladt at holde hund. Beboere, der ved vedtagelsen af √¶ndringen [18. maj 2022] allerede har hund, er berettiget til at beholde denne, men m√• ikke anskaffe sig en ny. Hundeloven g√¶lder for hundehold i henhold til foranst√•ende punktum. Endvidere g√¶lder u√¶ndret, at overtr√¶delse anmeldes til politiet, og tilsides√¶ttelse af politiets anvisninger kan f√• konsekvens af uds√¶ttelse.
S√•fremt en beboer har behov for servicehund, kan bestyrelsen give tilladelse til, at hundehold i denne situation er tilladt. Bestyrelsen kan tillige, efter forudg√•ende ans√∏gning, give dispensation til, at en beboer i n√¶rmere defineret omfang kan passe en hund. Dispensationen kan betinges af, at hunden ikke er til gene of at pasningen er i begr√¶nset omfang.",https://www.boligportal.dk/lejligheder/randers/80m2-3-vaer-id-5240111
"Vestergade, 6600 Vejen",Vejen,Vestergade,6600,55.477469,9.127546,2.542 kr.,1.384 kr.,25 m¬≤,1,-,Lejlighed,Nej,Nej,Nej,Nej,Nej,Ja,Nej,Nej,N/A,"Vi kan nu tilbyde denne bolig p√• 25 m2 beliggende i Vejen
Bem√¶rk, at denne bolig er en ungdomsbolig og du skal v√¶re under uddannelse for at kunne s√∏ge den. For yderligere oplysninger st√•r vi til r√•dighed, ligesom du kan kontakte os for n√¶rmere aftale om hvorn√•r boligen er til overtagelse. Da denne bolig er en almen bolig, skal du registreres p√• vores venteliste for at komme i betragtning til boligen. Det er gratis at s√∏ge ungdomsbolig.",https://www.boligportal.dk/lejligheder/vejen/25m2-1-vaer-id-5379037
"Roesskovsvej, 5200 Odense, Odense V  - 2. sal",Odense,Roesskovsvej,5200,55.391876,10.354543,7.225 kr.,0 kr.,78 m¬≤,2,2.,Lejlighed,Nej,Nej,Nej,Ja,Nej,Nej,Ja,Ja,B,"P√• Roesskovsvej - beliggende i Bolbro - men kun f√• kilometer fra Odense Centrum og uddannelsessteder som Odense Seminarium, OUH, Universitetet m.v., udlejes nyopf√∏rt lejem√•l p√• 80 m¬≤ med yderst anvendelig altan.

Lejligheden har l√¶kkert stort k√∏kken/alrum med fladsk√¶rms TV, Amerikansk k√∏le-/fryseskab m. ismaskine, microov m.m. Alle hvidevarerne er af fabrikatet Siemens og i rustfrit st√•l.

Sk√∏nt badev√¶relse med bruseniche og egen combimaskine.

God lys stue med udgang til altan. Godt stort sovev√¶relse med indbyggede skabe.

Der er installeret fiberkabler i ejendommen.

Lejem√•let er r√∏gfrit. 

Der er ydermere installeret tyverialarm ligesom der er depotrum og adgang til parkering.

Leje pr. mdr. kr. 7.225,00. Varme, vand og el opkr√¶ves direkte af Energi Fyn.",https://www.boligportal.dk/lejligheder/odense/78m2-2-vaer-id-5379001
"Engholms All√©, 8240 Aarhus, Risskov",Aarhus,Engholms All√©,8240,56.207876,10.239254,7.048 kr.,700 kr.,56 m¬≤,3,-,Lejlighed,Nej,Nej,Nej,Nej,Nej,Nej,Ja,Ja,N/A,"Det er det perfekte sted for fx en studerende eller det unge par, der √∏nsker at bo i en kompakt og hyggelig lejlighed, hvor I kan samle alle jeres ejendele og stadig have plads til at tr√¶kke vejret.

Der er direkte udgang til egen terrasse med aftensol og naturligvis gratis parkering.

Du f√•r det hele - et rigtigt k√∏kken med plads, to gode v√¶relser begge med garderobeskabe, og super badev√¶relse med fin bruseniche.

Og husk - mindre plads betyder ogs√• mindre reng√∏ring! :-)

Lejligheden ligger i et gr√∏nt og roligt omr√•de, hvilket betyder, at du kan finde fred og ro fra Aarhus 'travle byliv - og det bedste af alt, gratis parkering!

T√¶t p√• offentlig transport og indk√∏bsmuligheder (Rema1000 og lagkagehuset)

Der er et skur, fri parkering og omr√•det er virkelig roligt.

Husdyr er IKKE tilladt.

Der afregnes aconto direkte til v√¶rkerne - (ca. 700-800 kr./mdr)",https://www.boligportal.dk/lejligheder/aarhus/56m2-3-vaer-id-5312994
"Solbakken, 9560 Hadsund  - 1. sal",Hadsund,Solbakken,9560,56.721547,10.10535,6.439 kr.,864 kr.,86 m¬≤,3,1.,Lejlighed,Nej,Nej,Nej,Nej,Nej,Nej,Nej,Nej,N/A,"God b√∏rnevenlig afdeling ca. 800 m. Fra centrum af byen i Hadsund.

Store gr√∏nne arealer og plads til fodboldspil. Der er en stor legeplads i omr√•det ligesom der er shelter og grill plads.

Der er etagebyggeri med henholdsvis 2 - 3 og 4 etager og 1 plans r√¶kkehuse.

I lejlighederne er der komfur og emh√¶tte.

Der er ikke k√∏le-/fryseskab i lejem√•lene.

Der er mulighed for sm√• haver i stueetager og altaner til alle lejligheder p√• etagelejem√•lene.
Alle r√¶kkehuse indeholder k√∏le-/fryseskab, komfur og emh√¶tte. Der er klargjort til egen vaskemaskine. Der er en god st√∏rrelse have med terrasse.

Afdelingen har et p√¶nt og velholdt f√¶llesvaskeri, og et dejligt stort f√¶lleshus, grillplads. Der er cykelk√¶lder i etagebyggeriet.

Der er indg√•et driftsaftale med stofa og eniig. Man tilmelder selv og der afregnes direkte med leverand√∏r.

I etagebyggeriet er der mulighed for pulterrum i k√¶lderen.

Desuden er der 17 garager til udlejning for afdelingens beboere.

A¬¥conto vand og varme opkr√¶ves over huslejen. El betales direkte til leverand√∏rer.

Det er ikke tilladt at holde husdyr i afdelingen.",https://www.boligportal.dk/lejligheder/hadsund/86m2-3-vaer-id-4310276
"Amarantv√¶nget, 6000 Kolding, Vonsild",Kolding,Amarantv√¶nget,6000,55.455599,9.484039,8.430 kr.,0 kr.,79 m¬≤,2,-,R√¶kkehus,Nej,Nej,Ja,Nej,Ja,Nej,Ja,Ja,N/A,"K√∏kken-alrum og stue
I denne lejebolig f√•r du et gennemg√•ende k√∏kken-alrum og stue i √©t, der str√¶kker sig fra den ene ende af huset til den anden med udsigt til begge uderum. Her har du god plads til at indrette dig med b√•de spiseplads og sofakrog.

V√¶relser
Sovev√¶relset er dejligt rummeligt. Her har du god plads til en dobbeltseng, og der er tre faste skabe til opbevaring af garderoben. Fra sovev√¶relset har du udsigt til haven.

Badev√¶relse
Badev√¶relset ligger placeret i midten af r√¶kkehuset med indgang fra entr√©en. Badev√¶relset er opf√∏rt i tidsl√∏se materialer og indeholder alt, hvad du skal bruge: bruseniche, toilet, h√•ndvask samt god plads til opbevaring af b√•de toiletartikler og h√•ndkl√¶der.

Uderum
Med dette sk√∏nne r√¶kkehus f√•r du p√• den ene side af boligen adgang til en sk√∏n have med flisebelagt terrasse, hvor du kan nyde den friske luft. P√• den anden side af huset har du egen parkering samt et fint skur, hvor der er god plads til opbevaring af f.eks. haveredskaber.",https://www.boligportal.dk/r%C3%A6kkehuse/kolding/79m2-2-vaer-id-5369826
