Adress,Monthly rent,Aconto,Square meters,Rooms,Floor,Property type,Furnished,Shareable,Pets allowed,Elevator,Senior frendly,Only for students,Balcony/Terrace,Parking,Energy label,Description,Link
"Strandvejen, 7130 Juelsminde",10.800 kr.,0 kr.,120 m²,4,-,Hus,Nej,Nej,Nej,Nej,Nej,Nej,Ja,Ja,N/A,"En enestående chance for at få dit eget parcelhus helt centralt i Juelsminde.

Boligen er netop blevet total istandsat og alt er nyt. Nyt lækkert køkken, to store badeværelser, alrum/stue med udgang til egen ugenert have, stort master-soveværelse og to gode værelser. Alle værelserne har faste skabe.

Der følger et skur med samt parkeringsplads.

Vi glæder os til at vise dig denne smukke bolig.",https://www.boligportal.dk/huse/juelsminde/120m2-4-vaer-id-5323849
"Annagade, 4220 Korsør  - 1. sal",5.500 kr.,1.400 kr.,71 m²,3,1.,Lejlighed,Nej,Nej,Nej,Nej,Nej,Nej,Nej,Nej,E,En stor 3 værelses lejlighed er ledig. Lejligheden indeholder 2 soveværelser og en stor stue.,https://www.boligportal.dk/lejligheder/kors%C3%B8r/71m2-3-vaer-id-5317298
"Brendstrupvej, 8200 Aarhus, Aarhus N  - 3. sal",7.612 kr.,250 kr.,50 m²,2,3.,Lejlighed,Nej,Nej,Nej,Ja,Nej,Nej,Ja,Ja,N/A,"Nyopført ejendom fra 2019, tæt på Stjernepladsen. Lejligheden opfylder moderne varmeisoleringskrav, lydisoleringskrav og er udstyret med ventilation med varmegenvinding.
Plads til egen opvaskemaskine og vaskesøjle.
Separat brusekabine samt gulvarme på badeværelse.
Mulighed for kabel tv og lynhurtigt bredbånd fra Yousee.
Aflåst depotrum. Elevator i ejendommen.
Stor sydvendt altan.
Ca. 500 m. til universitetet, ca. 100 m. fra letbane.
Privat p-plads i baggård til lejligheden. Pris på p-plads er kr. 500/md. og er indeholdt i lejen. 
Gårdmiljø med bl.a. frugttræer, græsplæne og lille drivhus til fri afbenyttelse.",https://www.boligportal.dk/lejligheder/aarhus/50m2-2-vaer-id-4016571
"Starup Kirkevej, 6100 Haderslev",4.200 kr.,850 kr.,50 m²,2,-,Rækkehus,Nej,Nej,Nej,Nej,Nej,Nej,Nej,Nej,N/A,"Dejligt lille rækkehus, beliggende i naturskønt område, med udgang til lille have. Indeholder spisekøkken, badeværelse, stue samt soveværelse.

Der er P. plads ved lejligheden.

Der er kort afstand til supermarked og gode sportsfaciliteter.",https://www.boligportal.dk/r%C3%A6kkehuse/haderslev/50m2-2-vaer-id-4639875
"Frøstjernen, 5220 Odense, Odense SØ",9.200 kr.,N/A,108 m²,4,-,Rækkehus,Nej,Nej,Ja,Nej,Nej,Nej,Ja,Ja,N/A,"FLYT IND MED LEJERABAT: Underskriv lejekontrakten inden 1. august 2023 og få 1 måneds gratis husleje (gælder ikke aconto-udgifter).

Lejemålet ligger Hørgræsset, Fløjlsgræsset og Frøstjernen i Fraugde, Odense SØ. De 76 boliger i Hørgræsset, Fløjlsgræsset og Frøstjernen er opført som rækkehuse.

Dette 4 værelses lejemål er indrettet med entré og bryggers, hvorfra der er adgang til badeværelse. Fra stuen er der adgang til værelse samt åbent køkken.

Fra entrén er der trappe op til 1. sal, hvor der er soveværelse med klædeskab samt værelse, depot og toilet.

Der er komfur, emhætte og køle/frys i lejemål.

Området:

Hørgræsset, Fløjlsgræsset og Frøstjernen ligger i Fraugde. Fraugde ligger i den sydøstlige del af Odense med 1.801 indbyggere.

Byen hører til Odense Kommune. Fraugde byder på indkøbsmuligheder til de nødvendige ting i DagligBrugsen. Hvis man skal handle stort ind ligger Bilka og Rosengårdcentret tæt på. I Fraugde findes desuden børnehave, skolefritidsordning, ungdomsklub, sportshal og skole.

Med en bolig ved Hørgræsset, Fløjlsgræsset og Frøstjernen får du:

- Egen have med flisebelagt terrasse samt redskabsrum.

- 9 km fra Odense centrum og har gode stisystemer

- Rækkehus i et dejligt lukket vænge op af grønne områder og marker. Boligerne er med deres gode indretning og deres beliggenhed meget velegnet til den lille familie eller det ældre par, som sætter pris på en overskuelig og nem have og et godt nærmiljø.

Der er desuden gode transportforbindelser, idet det ligger tæt på motorvejsforbindelsen E 20, Ring 2 og motorvejsforbindelse til Svendborg. Fra Fraugde er der bus- og rutebilsforbindelser til Odense.

Bofællesskaber og delebolig er ikke tilladt.

Det er ej heller muligt at leje en bolig, såfremt du er registreret i RKI.",https://www.boligportal.dk/r%C3%A6kkehuse/odense/108m2-4-vaer-id-5345086
"Stentevangen, 5210 Odense, Odense NV",5.000 kr.,0 kr.,42 m²,1,-,Lejlighed,Nej,Nej,Nej,Nej,Nej,Nej,Nej,Nej,B,"Lys etværelses lejlighed, med køkken og bad i Korup. Lejen er inkl.. El, vand og varme, gratis  1000 Mbit Internet, samt stor TV pakke.
Lejligheden har separat indgang.
Køkkenet er med glaskeramisk kogeplader, emhætte, køleskab m/frys og vaskemaskine/tørretumbler.
Der er et stort og pænt badeværelse.
Lejemålet er pt. ved at blive færdig renoveret, hvorfor der ikke er endelige fotos - men du er velkommen til at kontakte mig for en fremvisning.
Prisen på lejemålet er sat efter at det er 1 person!
Det er ikke tilladt at holde husdyr.",https://www.boligportal.dk/lejligheder/odense/42m2-1-vaer-id-5173703
"Lathyrusvej, 8930 Randers, Randers NØ  - 2. sal",3.995 kr.,850 kr.,64 m²,3,2.,Lejlighed,Nej,Nej,Ja,Nej,Nej,Nej,Nej,Ja,E,"Fin 3 værelses lejlighed på 64 kvm. 
Der er fint køkken, badeværelse, stue og soveværelset og et mindre værelse. Der er mulighed for at installere opvaskemaskine og vaskemaskine i lejemålet.

Der medfølger kælderrum. Adgang til fælles vaskeri, tørrerum samt parkeringsplads. 

Kontakte os gerne for fremvisning af lejemålet.",https://www.boligportal.dk/lejligheder/randers/64m2-3-vaer-id-5346860
"Hanehovedvej, 3300 Frederiksværk",10.950 kr.,0 kr.,70 m²,3,-,Rækkehus,Nej,Ja,Ja,Nej,Ja,Nej,Ja,Ja,A,"LYST OG MODERNE RÆKKEHUS FRA 2021 TÆT PÅ BÅDE BY OG NATUR 
•	Opført i 2021 – Centralt placeret i Frederiksværk
•	Fokus på bæredygtigt byggeri, med godt 
        indeklima 
•	Gulvvarme i hele huset (Fjernvarme)
•	3-værelses, med 2 gode og rummelige 
        soveværelser
•	Stort køkken alrum/stue 
•	Privat, for- og baghave 
•	Medfølger i lejen, opvaskemaskine, kogeplade, 
        emhætte, indbygget ovn.
•	 2 Parkeringspladser

Alt forbrug afregnes direkte med forsyningsselskaberne


Planløsningen fordeler sig på en entré, der giver adgang til resten af hjemmet, et badeværelse, to værelser med garderobe og en stue samt et køkken i ét åbent rum. Køkkenet er strømlinet med grebsfrit inventar og integrerede hårde hvidevarer, og i åben forbindelse heraf er der netop et større stueareal med plads til både spisebord og sofamøblement. Fra stuen kan I også tilgå den sydvendte terrasse, og så giver de store vinduer et godt udsyn ud til haven samt dejligt meget lys ind i rummet. De rene linjer fortsætter videre ud på badeværelset i et strømlinet design med flere moderne faciliteter, bl.a. vægthængt toilet, separat bruseniche med rainshower. Beliggenheden er bare endnu et plus ved denne ejendom, da I placerer jer tæt på både grøn natur og alle hverdagens fornødenheder. Det gode vejr kan nydes med gåture igennem Frederiksværk Eng eller Hanehoved Eng. Indkøb, uddannelsesinstitutioner, idrætsfaciliteter, biograf og specialbutikker er alt sammen inden for cykelafstand, og i gåafstand ligger også Hanehoved Station, og for den pendlende går bussen desuden også lige ude foran.",https://www.boligportal.dk/r%C3%A6kkehuse/frederiksv%C3%A6rk/70m2-3-vaer-id-5374114
"Tornebuskegade, 1131 København, København K  - 1. sal",17.000 kr.,0 kr.,81 m²,3,1.,Lejlighed,Nej,Nej,Nej,Nej,Nej,Nej,Nej,Nej,N/A,"Lejemålet udgør 81 m2 og har 3 værelser. Lejemålet har bad og nyt køkken med indbygningsovn, kogeplade og emhætte samt integreret køle/frys. Lejemålet er nymalet, med nyslebne og nylakerede gulve.

Erhvervslejemålet består af 3 rum i alt fordelt på 2 etager, og er placeret i baghuset.

Bolig og erhvervslejemål skal udlejes samlet.",https://www.boligportal.dk/lejligheder/k%C3%B8benhavn/81m2-3-vaer-id-5260310
"Bomhusvej, 2100 København, København Ø  - 1. sal",17.570 kr.,800 kr.,101 m²,4,1.,Lejlighed,Nej,Nej,Nej,Nej,Nej,Nej,Nej,Nej,N/A,"Lejligheden består af en entre, hvorfra man til den ene side kan gå til de tre soveværelser. Videre frem er der et gæstetoilet, og ved siden af dette et badeværelse, med toilet, bruseniche samt vaskemaskine/tørretumbler. Via en mellemgang kommer man ind til lejlighedens rummelige køkken og stue, der er i åben forbindelse. Herfra er der udgang til en dejlig vestvendt altan.Ejendommen ligger tæt på gode handlemuligheder, offentlig transport, skole og daginstitutioner samt parker og grønne områder.  OBS: Flere billeder af boligen tilgår snarest.",https://www.boligportal.dk/lejligheder/k%C3%B8benhavn/101m2-4-vaer-id-5316445
"Søndergade, 5800 Nyborg  - 1. sal",5.450 kr.,800 kr.,64 m²,2,1.,Lejlighed,Nej,Nej,Nej,Nej,Nej,Nej,Nej,Nej,C,"1. sals lejlighed, i pæn ejendom med velordnede forhold og i alt 3 lejemål.
64 m2 - bestående af entré, stort badeværelse med brus, soveværelse,
stort køkken alrum samt stue. 
Fjernvarme og god fyringsøkonomi - bredbånd indlagt. 
Installation til egen vaskemaskine og kondenstumbler i aflåst kælder hvor der også er stort depotrum.

Beliggende i rolige omgivelser, ikke langt fra banegården og spændende havnemiljø.
Lille gårdhave med solterrasse.
kr./md. 5.450,- + áconto varme & vand kr./md. 800,-

Kan overtages snarest efter aftale.
Kontakt udlejer for fremvisning.",https://www.boligportal.dk/lejligheder/nyborg/64m2-2-vaer-id-1099768
"Helligkorsgade, 6000 Kolding  - 1. sal",5.400 kr.,600 kr.,55 m²,1,1.,Lejlighed,Nej,Nej,Nej,Nej,Nej,Nej,Nej,Nej,N/A,"Lækker lejlighed lige i centrum. Helt nyetableret lejlighed på første sal. Indrettet med bedste materialer. Meget stort værelse/stue, køkken med mulighed for spiseplads, badeværelse, entre. Lejligheden har alt i hårde hvidevarer herunder opvaskemaskine, vaskemaskine og tørretumbler. Der er adgang til fælles tagterrasse via bagtrappen.

Evt. mulighed for indflytning før når lejlighed er klargjort efter tidligere lejer.",https://www.boligportal.dk/lejligheder/kolding/55m2-1-vaer-id-4679351
"Gl. Skivevej, 8800 Viborg  - 4. sal",6.700 kr.,1.000 kr.,81 m²,2,4.,Lejlighed,Nej,Nej,Nej,Nej,Nej,Nej,Ja,Nej,N/A,"Ny renoveret 2 værelses taglejlighed med 2 altaner, skråvægge og synlig bjælker. Stue og køkken er i et. Nyt køkken fra Tvis med køle/frys, ovn, kogeplader, emhætte og opvaskemaskemaskine. Dejlig stue med udgang til nord vendt altan og fra køkken siden udgang til syd vendt altan. Soveværelse samt badeværelse med bruser og vaskemaskine. Der er fælles cykel og vaskerum. Der er dørtelefon i ejendommen.",https://www.boligportal.dk/lejligheder/viborg/81m2-2-vaer-id-5356111
"Borgergade, 9320 Hjallerup  - 2. sal",2.900 kr.,1.200 kr.,58 m²,2,2.,Lejlighed,Nej,Nej,Nej,Nej,Nej,Nej,Nej,Ja,N/A,"Lille hyggelig lejlighed. Tæt ved Købmand og skole. Gode muligheder for sport. Ca 25 km fra Aalborg. God natur. Lokal sø med gangsti rundt ca. 3,5 km.",https://www.boligportal.dk/lejligheder/hjallerup/58m2-2-vaer-id-4833269
"Vindegade, 5000 Odense, Odense C  - 2. sal",4.500 kr.,125 kr.,30 m²,1,2.,Værelse,Nej,Ja,Nej,Nej,Nej,Nej,Nej,Nej,C,"5000 værelse, 20 kvm, 4300 mdr forudbetalt leje, 12900 i depositum, lejeperiode ubegrænset, Vindegade 53 2, delvist møbleret, vaskemaskine, tørretumbler, opvaskemaskine, køleskab, parkeringsplads

Stort Værelse til leje i centrum af Odense .
Vil du gerne bo i bymidten, tæt på gågadenettet / banegården og den kommende letbane er det her lige stedet for dig.
2.sal, har flere værelser, nyt stort fælles køkken, toiletter, bad og lounge.
Der er nu et ledige værelse ledig til straksindflytning.
Værelset er på 21 kvm højloftet med hanebåndsbjælker og koster 4.300,- i leje + 125 i a conto varme. Lejen er inkl. internet, vand, strøm, renovation.
adgang til vaskeri med vaskemaskine og tørretumbler.
Cykelparkering i gården.",https://www.boligportal.dk/v%C3%A6relser/odense/30m2-1-vaer-id-5140653
"Vestre Strandallé, 8240 Aarhus, Risskov  - 2. sal",4.950 kr.,500 kr.,33 m²,1,2.,Lejlighed,Nej,Nej,Ja,Ja,Nej,Nej,Nej,Ja,N/A,"Bliv en del af et fællesskab med andre unge i smørhullet af strand, skov og byliv.
På Vestre Strandallé får du din egen bolig med køkken og stort badeværelse.

Du undgår at tage bad over toilettet, og du får samtidig mulighed for at blive en del af et stort fællesskab. Samtidig slår du dørene op til flere fælles terrasser, en have og altaner med havudsigt.

OBS: Det er ikke et krav at være studerende.

4 MÅNEDERS GRATIS HUSLEJE:
Vi ved, at det er dyrt at flytte. Derfor hjælper vi dig godt i gang. Flytter du ind på Vestre Strandallé, bor du huslejefrit indtil 31. oktober. Du kan spare op til DKK 27.600, og jo hurtigere du flytter ind, jo længere tid bor du gratis.

BOLIGER MED PLADS TIL AT VÆRE:
Alle boligerne åbner op til et stilrent køkken, hvor du rigtig kan få gang i kødgryderne. Du har ovn, induktionskogeplade, kølefryseskab og emhætte, så pak du bare kogebøgerne med i flyttekasserne.

Længere inde i boligen er der plads til en seng og et spisehjørne eller et skrivebord til de studerende.

Badeværelset er i flotte, grå nuancer med plads til dans foran spejlet. Gulvvarmen varmer tæerne op på en kold vinterdag, mens der også er plads til opbevaring i et større toiletmøbel.

Ovenlysvinduer forskønner lejlighederne på 2. sal, og giver et skønt lys.

Alle boligerne har tilknyttet et depotrum på etagen, hvor du kan opbevare alle de sager, som du ikke vil have i lejligheden. Der er ligeledes adgang til fælles vaskeri.

NB: Billederne er fra en prøvebolig. Se plantegning for indretning.

SLÅ OP TIL 1054 KR. AF HUSLEJEN:
Alle har mulighed for at søge boligstøtte, og det kan hakke en god mønt af huslejen. Der er faktisk mulighed for at få helt op til 1054 kr. i boligstøtte om måneden. Boligstøtte er personlig, og derfor er det meget individuelt, hvad du kan få.

Du kan nemt og hurtigt regne din personlige boligstøtte ud her

LIVET ER SJOVERE SAMMEN:
Det kan være svært at jonglere mellem hverdagssysler, det sociale liv og studierne. På Vestre Strandallé samler vi det hele under et tag, og hvis du er ny i byen, kan du få dig en ny omgangskreds lige ude foran døren.

Hver etage rummer et fællesrum med et særligt tema, du har selvfølgelig adgang til alle fællesrum. Det kan være et aktivitetsrum, et rum med langborde til studielæsning eller fællesspisning og etagen med sofaerne. Her kan du kokkerere med dine naboer og invitere til fællesspisning, du kan lægge hus til et slag bordfodbold med dine studiekammerater eller smide dig på sofaen, når familien kommer på besøg. Fællesskabsbolden er sparket i luften, og du bestemmer selv, hvor den skal skydes hen.

Du kan deltage i en masse aktiviteter i fællesrummene, men du kan også trække dig, når den sociale tallerken er fyldt op.

Studier viser, at bofællesskaber øger livskvaliteten - det ønsker vi, at Vestre Strandallé skal bidrage til.

UDE GODT, UDE BEDST:
Flere af lejlighederne har egen terrasse eller altan, hvor der er mulighed for at nyde de lange, lyse aftener – nogle endda med havudsigt. Gider du ikke sidde alene på din altan, tager du bare din nabo i hånden og nyder de mange fælles terrasser og altaner, som alle beboere har adgang til.

Er du mere til græs mellem tæerne, byder ejendommen også på græsarealer, som du heldigvis ikke selv skal slå.

FRI FOR P-BØDER
Der er fri parkering på ejendommens 23 parkeringspladser.

DE SMÅ PELSEDE:
Hund: Det er tilladt at holde en mindre hund på maks. 15 kg. i boligerne.*
Indekat: Det er tilladt at holde indekat i boligerne.*
Øvrige husdyr: Kontakt os.

*Der skal altid udarbejdes en husdyrserklæring til det pågældende husdyr. Kontakt os for mere info, hvis du ønsker at holde husdyr i din bolig.

SLIP FOR TRAPPERNE:
Der er elevator i alle opgange til glæde for flytteholdet og dit fremtidige jeg, der har impulskøbt lidt for mange rammer sodavand.",https://www.boligportal.dk/lejligheder/aarhus/33m2-1-vaer-id-5365179
"Østergade, 7800 Skive  - 1. sal",5.500 kr.,1.000 kr.,108 m²,4,1.,Lejlighed,Nej,Nej,Nej,Nej,Nej,Nej,Ja,Nej,N/A,"Lejligheden har en stor terrasse, og er beliggende op ad gågaden. Der er indkøbsmuligheder samt shoppingsmuligheder tæt på, og derudover finder du også anlægget med grønnearealer et stenkast derfra. Endelig skriv hvis der skulle opstå nogle spørgsmål angående lejligheden.",https://www.boligportal.dk/lejligheder/skive/108m2-4-vaer-id-5270534
"Torvegade, 6700 Esbjerg, Esbjerg  - 2. sal",7.200 kr.,800 kr.,80 m²,3,2.,Lejlighed,Nej,Ja,Nej,Nej,Nej,Nej,Nej,Ja,N/A,"En nyere renoveret lejlighed lige midt i centrum. 
Lejligheden består af 2 værelser, køkken med alt i hårde hvidevare, stue og badeværelse med vaskesøjle til. 
Lejligheden ligger 70 meter fra Torvet og der er mulighed for at parkere en bil i gården. 

Husleje i alt inkl. forbrug kr. 8.000,-",https://www.boligportal.dk/lejligheder/esbjerg/80m2-3-vaer-id-4800587
"Skovlyst, 8800 Viborg",9.700 kr.,N/A,105 m²,4,-,Rækkehus,Nej,Ja,Ja,Nej,Nej,Nej,Ja,Nej,N/A,"Velkommen til Skovlyst – Nybyggede rækkehuse i rolige omgivelser.

Her har du mulighed for at leje et yderst veldisponeret et-plans rækkehus, hvor du bor tæt på naturen og alligevel med kort afstand til Viborgs hyggelige midtby.

Springer du på cyklen kan du på bare få minutter nå div. daginstitutioner, skoler, idrætsfaciliteter og indkøbsmuligheder.

På Skovlyst finder du 28 yderst velindrettede rækkehuse med store lyse rum, Svane køkken, 2 solrige terrasser samt et let og overskueligt havestykke, carport samt redskabsrum til hver bolig.

Du træder ind i en entré med god plads til jakker og sko, bryggers med vaskesøjle, stort lyst køkken med direkte adgang ind til indretningsvenlig og hyggelig stue, 3 lyse værelser og et stilrent og moderne klinkebadeværelse.

Lyder Skovlyst som noget for dig? – så kontakt os allerede idag, for nærmere info.

*** OBS. Modelfotos og plantegninger er vejledende***",https://www.boligportal.dk/r%C3%A6kkehuse/viborg/105m2-4-vaer-id-5304166
"Sandkæret, 5260 Odense, Odense S  - 1. sal",8.650 kr.,N/A,90 m²,4,1.,Lejlighed,Nej,Nej,Ja,Nej,Nej,Nej,Ja,Ja,N/A,"Lejemålet ligger i Højby på Fyn i et stille og roligt børnevenligt område.

I denne 4 værelses lejlighed får du:


Tre gode værelser med indbyggede skabe
Dejlig lys stue
Køkken med alt i hårde hvidevarer
Badeværelse med plads til vaskemaskine
Egen altan el. terrasse
Eget redskabsskur
Parkeringsplads
Fibernet

Området:

Sandkæret ligger i Højby, en stille og rolig bydel i det sydøstlige Odense på Fyn. Der er ca. 4.500 indbyggere . Højby ligger ca. 8 km fra Odense centrum og har let adgang til den fynske motorvej. Der er gode indkøbsmuligheder såsom Fakta, Netto og Superbrugsen.   Området har flere børnehaver/vuggestuer samt skoler. Der afgår bus samt tog til Odense centrum.

Se også vores anden bebyggelse i Sandkæret samt Brobæklunden - det er tilsvarende lejligheder i Højby.",https://www.boligportal.dk/lejligheder/odense/90m2-4-vaer-id-5249721
"Mariagervej, 8900 Randers, Randers C  - 1. sal",3.900 kr.,700 kr.,46 m²,2,1.,Lejlighed,Nej,Nej,Nej,Nej,Nej,Nej,Nej,Nej,N/A,"2 værelses lejlighed med åbent køkken i stuen.  
Nyistandsat med nyere bad. nyt el samt filt på vægge.
regulær og pæn lejlighed. 
se billeder
Lejen er eks. El, antenne og Wi-fi.",https://www.boligportal.dk/lejligheder/randers/46m2-2-vaer-id-4268725
"Kansleren, 3650 Ølstykke  - 1. sal",12.900 kr.,750 kr.,90 m²,3,1.,Lejlighed,Nej,Ja,Ja,Nej,Nej,Nej,Ja,Ja,A,"Flotte arkitekttegnede lejligheder i Egedals nye bydel, tæt på byen og alligevel midt i naturen. 

 



Lys og indbydende lejlighed med stort køkken-alrum og stue samlet i ét, hvorfra der er direkte udgang til en storaltan. Herudover byder boligen på to rummelige soveværelser og et moderne badeværelse med separat brus. 



Der er desuden direkte adgang til et depotrum i lejligheden. 

 



Boligen er lys og her er kun benyttet de bedste materialer. Ydermere er der gulvvarme og genvex som sikrer et godt indeklima. 

 



Kvarteret Egedal Stationsby lige ved S tog, Føtex og Kommunens nye Rådhus i Ølstykke – direkte ud til naturen og med masser af lys – og stadig, tæt på byen og liv. 

 Boligen danner trygge og komfortable rammer for den kvalitetsbevidste livsnyder.



Bemærk venligst, at billederne kan være fra en anden bolig, hvorfor indretning, beliggenhed og udsigt kan variere. Materialevalg og kvalitet er den samme for alle boliger i ejendommen. Se plantegningen for indretningen af denne bolig.",https://www.boligportal.dk/lejligheder/%C3%B8lstykke/90m2-3-vaer-id-5365468
"Hovedgaden, 4270 Høng  - 1. sal",16.970 kr.,2.600 kr.,219 m²,8,1.,Lejlighed,Nej,Nej,Nej,Nej,Nej,Nej,Nej,Ja,C,"Lejlighed på 1ste sal. ideel til stor familie, institution/bofællesskab, indkvartering mv.
Boligen ligger på 1. sal - samt 2 værelser i tagetagen - i det ikoniske Tinghuset, med udsigt over byens gadekær. Indkøb kan foregå hos SPAR-købmanden der er nabo til ejendommen eller i det nærliggende Høng-centeret.
Til boligen hører der en garage/skur og flisebelagt lukket gårdhave, som deles med ""Tandlægerne i Tinghuset"".
Entre/gang, toilet, badeværelse, 6 værelser (heraf 2 på 2. sal), stor spisestue (kan bruges som værelse), stor stue og separat køkken - i alt 219 kvm.",https://www.boligportal.dk/lejligheder/h%C3%B8ng/219m2-8-vaer-id-5355110
"Oppermannsvej, 5230 Odense, Odense M  - Stuen",2.500 kr.,457 kr.,25 m²,1,Stuen,Lejlighed,Nej,Nej,Nej,Nej,Nej,Ja,Nej,Nej,D,"Dejlig studiebolig tæt på Odense City, indkøbsmuligheder, universitetet og andre uddannelsesinstitutioner.

Lejemålet har eget tekøkken samt badeværelse.

Lejemålet har nyere gulv.",https://www.boligportal.dk/lejligheder/odense/25m2-1-vaer-id-5234114
"Silkeborgvej, 7400 Herning",5.900 kr.,0 kr.,51 m²,2,-,Lejlighed,Nej,Nej,Nej,Nej,Nej,Nej,Nej,Nej,N/A,"Huslejen er inklusive el, vand, varme, og internet.
Boligen ligger på Silkeborgvej i Herning, ca. 10 minutter i gå afstand fra centrum,latinerkvarteret og det nye bibliotek, tæt på en park. Alt i lejligheden er ny renoveret. Der er 2 værelser, stort køkken med plads til arbejdssektion og badeværelse, egen indgang og en mindre have. Lejligheden er beliggende i en villa, hvor der bor 3 andre unge.
Huslejen er 5.900 kr., inklusive vand, varme, el, og internet.",https://www.boligportal.dk/lejligheder/herning/51m2-2-vaer-id-4943105
"Nørregade, 6600 Vejen  - 1. sal",8.700 kr.,1.000 kr.,108 m²,4,1.,Lejlighed,Nej,Nej,Nej,Ja,Nej,Nej,Ja,Nej,B,"En flot lejlighed midt i byen / på rådhustorvet som er seniorvenlig. Den er ny og etableret med flot køkken med alt i hårde hvidevarer og med et stort badeværelse. 
Der er 2 elevatorer i bygningen. Egen altan og fælles terrassemiljø. I kælderen er der opbevaringsrum.",https://www.boligportal.dk/lejligheder/vejen/108m2-4-vaer-id-5373016
"A. D. Burcharths Vej, 6000 Kolding  - 2. sal",8.095 kr.,800 kr.,88 m²,2,2.,Lejlighed,Nej,Nej,Nej,Nej,Ja,Nej,Nej,Ja,N/A,"Lækker 2 værelses lejlighed på 88 kvadratmeter. I køkkenet er der køle/fryseskab samt komfur, opvaskemaskine og emhætte. Derudover er der en stor stue med plads til både sofa- og spisesektion samt et rummeligt soveværelse med indbygget skab med skydelåger. Der er mulighed for at tilslutte egen vaskemaskine og tørretumbler på badeværelset. Lejligheden er klar til at flytte ind. En skøn og lys lejligheden som bare skal ses. 

Det er ikke muligt at leje en bolig i ejendommen såfremt du er registreret i RKI. 

Ejendommen er beliggende i grønne omgivelser, og kun et stenkast fra Kolding Slotsø – det fås næsten ikke mere centralt. Derudover er du tæt på indkøb, Kolding Storcenter og Kolding midtpunkt hvor du finder alverdens butikker og restauranter samt caféer. Hvis du er studerende er der ikke langt til IBC, Designskolen og meget mere.

Velkommen til A. D. Burcharths Vej i Kolding. Her har du alt indenfor rækkevidde og samtidig er området utrolig trygt og hyggeligt. Ejendommen er oprindeligt fra 1963, men sidenhen blevet ombygget i 2012/13. Med til lejemålet er der et depotrum og adgang til fælles gårdanlæg. Der er gode parkeringsmuligheder for både biler og cykler. Ejendommen er smuk og velholdt, og er karakteristisk ved sin sort/hvide fremtoning i det grønne byrum. Det er ikke tilladt at holde husdyr i ejendommen.",https://www.boligportal.dk/lejligheder/kolding/88m2-2-vaer-id-5332146
"Nordre Strandvej, 3000 Helsingør  - 2. sal",14.950 kr.,N/A,112 m²,3,2.,Lejlighed,Nej,Ja,Ja,Ja,Nej,Nej,Ja,Ja,N/A,"**Velkommen til**

Boligerne er nyopført og skabt i moderne stil med robuste og vedligeholdelsesvenlige materialer i lyse og lette farver. 
Alle boliger har et lyst og lækkert køkken/alrum i åben forbindelse med et indbydende stuemiljø med udgang til enten terrasse eller altan.

Køkkenet er model Next fra HTH, der med sine enkle og rene linjer giver et tidsløst udtryk. De er udstyret med alt i hårde hvidevarer fra Siemens, herunder indbygningsovn, induktionskogesektion samt integreret opvaskemaskine og køle/fryseskab. Badeværelserne er lyse og moderne med brusenische, skabe, vask og gulvvarme. Det er også her I finder jeres egen vaskemaskine og tørretumbler. 
 
Der er gulvvarme overalt og elevator i alle opgange og derfor velegnede til alle aldersgrupper. Desuden har hver bolig eget rummeligt depotrum.

 _Bemærk at billederne er fra en prøvebolig._

 **Nænsomt restaureret hovedbygning**

Boligerne har udsigt til den gamle hovedbygning fra 1916, tegnet af arkitekt Poul Holsøe. Den har i sin tid været benyttet som en herskabsbolig med stueetage for repræsentation og ophold, samt 1. sal for soverum, tjenestefolk m.m.

Bygningen er nænsomt renoveret med respekt for den oprindelige arkitektur, hvor detaljer som f.eks. den bevaringsværdige hoveddør, kassetteloft, oprindelige snedkerarbejder og egetræstrappe til 1. sal er bevaret. 
Bygningen er nu omdannet og udgør 8 herskabslejligheder.

 **Pragtfuldt haveanlæg** 
Det stemningsfulde haveanlæg er oprindelig tegnet af landskabsarkitekt G.N. Brandt, og du vil ankomme ad indkørslen med den hyggelige høj med ældre store træer på venstre hånd foran hovedbygningen. Terrasser og altaner i den ene nye bygning støder op til dette område. 

Terrasser og altaner vender ud til haven mod sydøst, som anlægges med buske, frugttræer, skyggekroge, forskellige græssorter og grusstier. Området er ideelt for alle generationer. Her kan du nyde morgenmaden på terrassen eller lade børnene løbe frit omkring i trygge og sikre rammer. Der bliver anlagt parkering mellem de to nye bygninger samt i den ene side foran hovedbygningen.",https://www.boligportal.dk/lejligheder/helsing%C3%B8r/112m2-3-vaer-id-5377328
"Myremalmsvej, 3060 Espergærde  - 1. sal",12.845 kr.,1.000 kr.,85 m²,3,1.,Lejlighed,Nej,Nej,Ja,Nej,Nej,Nej,Ja,Ja,N/A,"Kom med indenfor i vores attraktive nyopførte lejeboliger i Espergærde. Boligerne er ideel til børnefamilien, såvel som seniorerne, der ønsker en hverdag i en moderne lejebolig i naturskønne omgivelser. 

Lejeboligerne er designet med jeres komfort i fokus. Moderne arkitektur og stilfuldt interiør skaber et indbydende og afslappende hjemmemiljø, hvor I kan skabe skønne familieminder. Hver lejlighed er rummelig og veludnyttet, og der er tænkt på en hver detalje.

Med den ideelle beliggenhed, fantastiske natur og komfortable boliger er vores nybyggede lejeboliger i Espergærde det perfekte hjem for både børnefamilier og seniorer. Tag det første skridt mod et liv fuld af glæde, fællesskab og naturskønne oplevelser!

Kontakt os i dag og lad os hjælpe jer med at finde jeres drømmebolig i Espergærde. Velkommen hjem!

Skovstykket er nyopførte og moderne lejeboliger, der er skræddersyet til børnefamilien såvel som seniorer. Ejendommen er beliggende i den nye ""by i byen"" i det charmerende område i Espergærde. Her forenes naturens skønhed med moderne bekvemmeligheder, hvilket skaber den perfekte ramme om jeres næste hjem. Med kort afstand til både skov og strand er der rig mulighed for at nyde naturen og den friske luft.

Vores skønne ejendom i Espergærde byder på tre- og fireværelses lejligheder samt 5- og 6-værelses rækkehuse. Boligerne er opført i lækre lyse og moderne materialer. Alle boliger har rummelige værelser, et skønt køkkenalrum, depotrum samt indbyggede skabe. Yderligere har alle boliger solrig altan eller terrasse. 

Ejendommen er klar til indflytning pr. 1. oktober 2023.",https://www.boligportal.dk/lejligheder/esperg%C3%A6rde/85m2-3-vaer-id-5376498
"Langegade , 5300 Kerteminde  - 2. sal","5.752,91 kr.",800 kr.,75 m²,2,2.,Lejlighed,Nej,Nej,Nej,Nej,Nej,Nej,Nej,Nej,D,"En dejlig lejlighed i centrum af Kerteminde.

Stor 2 vær. lejlighed beliggende i midten af Kerteminde by udlejes.

Lejligheden er beliggende på 2. sal, og indeholder soveværelse, køkken og badeværelse - både køkken samt badeværelse er i lyse farver.

Der må ikke holdes husdyr i lejligheden.",https://www.boligportal.dk/lejligheder/kerteminde/75m2-2-vaer-id-4081253
"Søndergade, 6040 Egtved  - Stuen",6.497 kr.,1.288 kr.,119 m²,4,Stuen,Lejlighed,Nej,Ja,Nej,Nej,Nej,Nej,Nej,Ja,N/A,"Lejemålet er beliggende på Søndergade, er 119 m2 og er klar til overtagelse. Månedlig husleje er 6497 kr. og indskud beløber sig til i alt 23028 kr. Send en besked, hvis lejemålet har fanget din interesse.",https://www.boligportal.dk/lejligheder/egtved/119m2-4-vaer-id-4938814
"Kongensgade, 7000 Fredericia  - 1. sal",7.300 kr.,1.050 kr.,102 m²,4,1.,Lejlighed,Nej,Ja,Nej,Nej,Nej,Nej,Nej,Nej,F,"Charmerende, nyistandsat lejlighed i to plan - fordelt på 1. og 2. sal – med to stuer, to værelser, repos og gennemgangsværelse med plads til børn og gæster er ledig pr. 1. sept. 

Lejligheden med delt vestvendt gårdhave er attraktivt beliggende øverst i Kongensgade tæt på centrum, Fredericia Voldanlæg og Østerstrand. Lejligheden er delevenlig.

På første sal er rummeligt spisekøkken med udsigt til haven, to stuer en-suite samt badeværelse med stor bruseniche. Indvendig trappe til anden sal med stort repos, gennemgangsværelse samt 2 værelser . Alt er nyistandsat med afhøvlede trægulve. 

Stort spisekøkken med køle/fryse/isskab, komfur, ovn og opvaskemaskine. 
I kælder er eget depotrum, fælles vaskerum til egen vaskemaskine og tørretumbler samt fællesrum til genbrugssortering. 

Ejendommen er roligt beliggende, indeholder kun to lejemål og har gode parkeringsforhold. 

Den aflukkede gårdhave har spise- og grillpladser, græsplæne og cykelskur.

Varme aconto 700 kr. og vand aconto 350 kr. - afregnes efter forbrug. 

Ingen rygning og ingen husdyr.",https://www.boligportal.dk/lejligheder/fredericia/102m2-4-vaer-id-5370841
"Sjørslevvej, 8620 Kjellerup  - 2. sal",3.500 kr.,700 kr.,65 m²,2,2.,Lejlighed,Nej,Nej,Nej,Nej,Nej,Nej,Nej,Nej,N/A,"hyggelige lejlighed i stueplan 3vær lejlighed 65m2 stue, køkken,  soveværelse, badeværelse med plads til vaskemaskine og tørretumbler, fælles have, cykelskur til lejemålet,
det er muligt at medleje 60m2 fuld isoleret garage til 700 md",https://www.boligportal.dk/lejligheder/kjellerup/65m2-2-vaer-id-4856372
"Humlevej, 7800 Skive  - Stuen",4.648 kr.,900 kr.,64 m²,2,Stuen,Lejlighed,Nej,Nej,Ja,Nej,Nej,Nej,Nej,Nej,N/A,"Lejemålet er beliggende på Humlevej og består af 2 værelser samt køkken og bad. Lejemålet er 64 m2 og er klar til overtagelse snarest. Månedlig husleje er 4648 kr. og indskud beløber sig til 9200 kr. 

Send en besked, hvis lejemålet har fanget din interesse.
For at kunne leje denne bolig, kræver det man er medlem af boligforeningen. På BoligPortal annonceres kun reelt ledige boliger uden eksisterende venteliste på annonceringstidspunktet. Venligst kontakt udlejer hvis du er interesseret i lejemålet.",https://www.boligportal.dk/lejligheder/skive/64m2-2-vaer-id-4004331
"Midtermolen, 5800 Nyborg  - Stuen",11.295 kr.,N/A,107 m²,4,Stuen,Lejlighed,Nej,Nej,Ja,Ja,Nej,Nej,Ja,Ja,N/A,"Velkommen til Midtermolen - Nyopførte lejeboliger i første parket til vandet.

Med en lejebolig i Midtermolen i Nyborg bliver du en del af et nyt, maritimt boligkvarter med en helt unik beliggenhed ved kanalen og havneområdet.

Midtermolen består af 60 attraktive lejeboliger fordelt på 2- og 4-vær. med egen altan. Lejlighedernes størrelser spænder fra 74 m² til 109 m², som alle byder på gode planløsninger og smukt lysindfald.

De unikke lejeboliger er for dig, der ikke vil gå på kompromis med hverken kvalitet, arkitektur eller beliggenhed. Alle lejligheder er bygget med materialer i topkvalitet og indrettet, så du får en lejebolig, der matcher dine behov.

Med en lejebolig i Midtermolen får du:


To og fire værelser fordelt på 76-109 m²
Gode planløsninger med køkken-alrum i forbindelse med stue, lyse rum og store vinduer
Hvidt køkken i nordisk design fra Invita med Grohe-amatur
Alt i hårde hvidevarer fra Siemens
Flotte parketgulve i ask
Depotrum i lejligheden
Elevator i alle opgange
Adgang til parkering (en plads pr. bolig) samt ladestandere og udvendigt el-udtag til el-cykler og el-scootere

Bemærk: El, vand og varme tilmeldes individuelt med forsyningsselskab

Boligerne udlejes ikke som deleboliger.

Der er ikke mulighed for at leje, hvis du er registreret i RKI.

* Vi gør opmærksom på, at billederne er taget i vores prøvebolig - men materialerne er ens overalt i ejendommen. Udsigt og planløsning kan variere.

ÅBENT HUS:
 - Onsdag den 9. august 2023, kl. 16:00-17:00
 - Torsdag den 10. august 2023, kl. 10:00-11:00
 - Søndag den 13. august 2023, kl. 10:00-11:00
 - Onsdag den 16. august 2023, kl. 16:00-17:00
 - Søndag den 20. august 2023, kl. 10:00-11:00
 - Onsdag den 23. august 2023, kl. 16:00-17:00
 - Søndag den 27. august 2023, kl. 10:00-11:00

OBS: Venligst hold dig opdateret, da der godt kan forekomme ændringer.",https://www.boligportal.dk/lejligheder/nyborg/107m2-4-vaer-id-5365284
"Poul Anker Bechs Vej, 9200 Aalborg, Aalborg SV",11.313 kr.,0 kr.,113 m²,4,-,Rækkehus,Nej,Ja,Ja,Nej,Nej,Nej,Ja,Ja,N/A,"Det eksklusive rækkehus ligger i det naturskønne Hasseris Enge - Aalborgs nye grønne bydel, Sofiendal Enge som strækker sig fra Skelagervej til Nibevej.
Fra stuen er der udgang til terrasse med udsigt over de åbne naturarealer.
Forbrug betales direkte til værkerne. 

o 113 M2 i 2 etager
o Dyretilladelse 
o Stort opholdsrum
o Køkken fra JKE og udgang til haven
o Udsigt over de åbne naturarealer fra stue
o 2 badeværelser 
o Fuld hvidevarepakke 
o Gulvvarme i hele boligen 
o Bryggers
o Overdækket carport og gæsteparkering
o Redskabsskur",https://www.boligportal.dk/r%C3%A6kkehuse/aalborg/113m2-4-vaer-id-5366892
"Halsvej, 9310 Vodskov, Vester Hassing  - 1. sal",5.700 kr.,1.000 kr.,92 m²,3,1.,Lejlighed,Nej,Ja,Ja,Nej,Nej,Nej,Ja,Ja,N/A,"(Billeder på vej)

I hjertet af Vester Hassing ligger denne skønne og lyse 3værelses lejlighed på 92m2.

Lejligheden ligger på første sal med egen indgang samt entre i stueplan 
Ovenpå finder du et badeværelse, køkken med mulighed for lille spiseplads, stor lys stue med store vinduer, en fordelings gang hvor der er henholdsvis et stort værelse samt et større værelse med udgang til altan.

Lejligheden bliver nymalet i hvide farver ved indflytning.
Samt der vil ved overtagelsen være lagt nye klinker på badeværelset.

Prisen er 5700kr plus aconto forbrug på 1000kr for vand/varme.

Det er tilladt at have mindre husdyr under 8kg. Dette skal aftales med udlejer.

Ledig pr 15 oktober 2023
Kontakt for fremvisning",https://www.boligportal.dk/lejligheder/vodskov/92m2-3-vaer-id-5361525
"Frydendalsvej, 9000 Aalborg, Aalborg  - Stuen",4.850 kr.,775 kr.,53 m²,2,Stuen,Lejlighed,Nej,Nej,Nej,Nej,Nej,Nej,Nej,Nej,N/A,"Dejlig 2-værelseslejlighed i rolige omgivelser tæt på indkøb og grønne områder. Lejligheden består af rummelig entre, badeværelse med separat bruseniche, køkken, stue og soveværelse. I ejendommen er der adgang til vaskeri, der kan benyttes uden yderligere betaling. Der hører parkering til ejendommen. Til lejligheden hører eget depotrum i fugtfri og opvarmet kælder.",https://www.boligportal.dk/lejligheder/aalborg/53m2-2-vaer-id-3892321
"Vandgranen, 4130 Viby Sjælland",13.395 kr.,N/A,122 m²,4,-,Rækkehus,Nej,Ja,Ja,Nej,Nej,Nej,Nej,Nej,A,"Flot og lyst rækkehus med store værelser udlejes i Viby Sjælland.

Huset har zoneinddelt fjernstyret gulvvarme i stueplan og i badeværelse på 1. sal og er opført med kvalitetsmaterialer som eks. køkken og skabe fra HTH. 
Huset overtages med ovn, keramisk kogeplade og emhætte, men lejer skal selv medbringe køleskab og opvaskemaskine, vaskemaskine og (kondens)tørretumbler. Alle stik er forberedt til installation. 

Der medfølger en dejlig privat have samt opbevaringsskur/værksted. 

På rækkehusets skur er der monteret solceller som forsyner boligens elforbrugne apparater - evt overskydende strøm sælges til elnettet af lejer.

Huslejen er angivet ex. forbrug (el, vand, gas) som afregnes direkte til værkerne efter målere. 

Evt. husdyr skal godkendes og medfører at der opkræves yderligere 1 mdrs. forudbetalt husleje.

Du er meget velkommen til at kontakte os for fremvisning eller yderligere spørgsmål.

OBS! billeder og video er fra lignende bolig og der tages forbehold for en lille variation i materialer. Huset skal ses inden der kan laves kontrakt.",https://www.boligportal.dk/r%C3%A6kkehuse/viby-sj%C3%A6lland/122m2-4-vaer-id-5308575
"Danmarksgade, 9900 Frederikshavn  - 2. sal",6.700 kr.,601 kr.,143 m²,5,2.,Lejlighed,Nej,Nej,Nej,Nej,Nej,Nej,Nej,Nej,N/A,"5 værelses lejlighed på 143 kvm. Rigtig flot lejlighed nyistandsat midt i Frederikshavn med alt i hårde hvidevarer. Lejligheden består af 3 værelser, 2 stuer, køkken og bad. Til lejligheden er der egen parkeringsplads i gården, fælles aflåst cykkelskur, opbevaringsrum i kælder. Stor græsplæne med plads til gril og hygge er placeret ugeneret.
Skal ses.
El afregnes direkte til elforsyning.",https://www.boligportal.dk/lejligheder/frederikshavn/143m2-5-vaer-id-4553125
"Solbakken, 9560 Hadsund  - Stuen",6.908 kr.,928 kr.,92 m²,4,Stuen,Lejlighed,Nej,Nej,Nej,Nej,Nej,Nej,Nej,Nej,N/A,"God børnevenlig afdeling ca. 800 m. Fra centrum af byen i Hadsund.

Store grønne arealer og plads til fodboldspil. Der er en stor legeplads i området ligesom der er shelter og grill plads.

Der er etagebyggeri med henholdsvis 2 - 3 og 4 etager og 1 plans rækkehuse.

I lejlighederne er der komfur og emhætte.

Der er ikke køle-/fryseskab i lejemålene.

Der er mulighed for små haver i stueetager og altaner til alle lejligheder på etagelejemålene.
Alle rækkehuse indeholder køle-/fryseskab, komfur og emhætte. Der er klargjort til egen vaskemaskine. Der er en god størrelse have med terrasse.

Afdelingen har et pænt og velholdt fællesvaskeri, og et dejligt stort fælleshus, grillplads. Der er cykelkælder i etagebyggeriet.

Der er indgået driftsaftale med stofa og eniig. Man tilmelder selv og der afregnes direkte med leverandør.

I etagebyggeriet er der mulighed for pulterrum i kælderen.

Desuden er der 17 garager til udlejning for afdelingens beboere.

A´conto vand og varme opkræves over huslejen. El betales direkte til leverandører.

Det er ikke tilladt at holde husdyr i afdelingen.",https://www.boligportal.dk/lejligheder/hadsund/92m2-4-vaer-id-4597066
"Jens Baggesens Vej, 8200 Aarhus, Aarhus N  - 1. sal",7.950 kr.,500 kr.,51 m²,2,1.,Lejlighed,Nej,Ja,Nej,Ja,Nej,Nej,Ja,Ja,N/A,"Skøn delevenlig lejlighed med altan tæt på Uni, Bssc samt midtbyen. 

Lejligheden består af to identiske lige store værelser. Begge har udgang til en stor altan. 

I køkkenet er der opvaskemaskine, køle/frys samt ovn, kogeplader og emhætte. der er desuden et lille bord med skuffer med hjul, som man kan køre rundt og placere der, hvor man ønsker.

På badeværelset er der vaskemaskine og vindue - dejlig rummeligt.

Der er parkeringspladser til ejendomme, depotrum i kælderen samt elevator.",https://www.boligportal.dk/lejligheder/aarhus/51m2-2-vaer-id-5249330
"Bjertparken, 7830 Vinderup",7.351 kr.,N/A,106 m²,4,-,Rækkehus,Nej,Ja,Ja,Nej,Nej,Nej,Nej,Nej,N/A,"Husene/rækkehusene, som er beliggende i den sydlige del af byen, er opført i 1999. Hver bolig har egen have og et skur.
Vinderup ligger lige midt i det hele. Midt mellem Holstebro, Struer og Skive. Midt mellem fjord og hede og midt i skøn natur formet under den seneste istid.

I Vinderup er der plads til det gode familieliv.

Her er foreninger for enhver smag og til aktive i alle aldre. Her kan bl.a. dyrkes gymnastik, fodbold, skydning, svømning, badminton, fitness, spejder.
Der er et blomstrende handelsliv i byen med alt fra dagligvarebutikker, bager, frisør, tøjbutikker m.m.

I byen er der dagplejere, vuggestuer, børnehaver og 2 folkeskoler, en med 0.-6 klassetrin og en med 7.-10. klassetrin.

Afdelingen består af 79 familieboliger, 14 studieboliger og 28 ældreboliger.

Boligernes energimærke: B.

Telefonen er åben mandag - torsdag 9.00-12.00 og 13.00-15.00. Fredag fra 9.00-12.00.
For at kunne leje denne bolig, kræver det man er medlem af boligforeningen. På BoligPortal annonceres kun reelt ledige boliger uden eksisterende venteliste på annonceringstidspunktet. Venligst kontakt udlejer hvis du er interesseret i lejemålet.",https://www.boligportal.dk/r%C3%A6kkehuse/vinderup/106m2-4-vaer-id-5368365
"Lyngbyvej, 2100 København, København Ø  - 2. sal",11.600 kr.,700 kr.,64 m²,2,2.,Lejlighed,Nej,Nej,Nej,Nej,Nej,Ja,Nej,Nej,N/A,"Velkommen til Rygården ll

Her finder du nyopførte moderne ungdomsboliger på Lyngbyvej, der udlejes til unge mellem 18 og 35 år. 

Rygården ll består af 36 lyse lejligheder fra stuen til tredje sal fordelt på fire etager. Lejlighederne varierer fra et til to værelser og er indrettet i funktionelle planløsninger, designet i nordisk stil med store vinduespartier.

Ilejlighederne får du bl.a.:


Eget køkken fra Svane 
Lyst badeværelse med separat brus 
Eget depotrum i lejligheden
Adgang til fælles tagterrasse
Fælles vaskeri
Cykelparkering 
Elevator i opgangen

Ejendommen ligger i gåafstand til offentlig transport og grønne områder, herunder Ryparken S-togstation, flere busruter, Fælledparken, Mindelunden, tæt på Nørre Campus og DTU Lyngby.

Den moderne rødstensbygning byder på unikke faciliteter ideelt for den kvalitetsbevidste unge, som sætter pris på det ekstraordinære. 

For at komme i betragtning til en af disse moderne ungdomsboliger er det et krav, at du er mellem 18-35 år. Det er altså ikke et krav, at du er studerende.


Husdyr er ikke tilladt i ejendommen.
Der er ikke mulighed for at leje, hvis du er registreret i RKI
Der betales tre måneders leje i depositum, første måneds leje samt en måneds forudbetalt leje.

*Bemærk venligst at lejemålene udlejes umøbleret.

*Billederne er ikke nødvendigvis taget i den enkelte lejlighed, men repræsenterer materialevalget i ejendommen. Udsigt mv. kan ligeledes variere.",https://www.boligportal.dk/lejligheder/k%C3%B8benhavn/64m2-2-vaer-id-5362569
"Sundevedsgade, 7500 Holstebro",4.000 kr.,0 kr.,60 m²,2,-,Lejlighed,Nej,Nej,Nej,Nej,Nej,Nej,Nej,Nej,N/A,"Lejlighed med to lyse værelser beliggende tæt på uddannelsessteder, tog/bus terminal og Holstebro bymidte udlejes. Lejemålet er en del af en privat bolig og ligger i rolig villakvarter.",https://www.boligportal.dk/lejligheder/holstebro/60m2-2-vaer-id-4474348
"Jyllandsgade, 8900 Randers, Randers C",4.975 kr.,700 kr.,66 m²,2,-,Lejlighed,Nej,Nej,Nej,Nej,Nej,Nej,Nej,Nej,D,"Totalt moderniseret lejlighed, nyt køkken med nye hårdehvidevare (komfur, emhætte, køle/fryse skab, opvaskemaskine), nyt flisebadeværelse med bruseniche, nye gulve i lejligheden, nye indvendige døre og ny yderdør
Foto er ikke af omtalte lejlighed men identisk med.
Fælles vaskeri og flot fælles gårdanlæg.
Huslejen er inkl. vand (normalt 400-500 kr. pr. måned)
Vi tilbyder 2 timers håndværker hjælp uden ekstra beregning, fra indflytning og 14 dage frem.
Der må ikke holdes husdyr.
Lejemålet har energimærket: Energiklasse D",https://www.boligportal.dk/lejligheder/randers/66m2-2-vaer-id-5328158
"Brassøvej, 8240 Aarhus, Risskov  - 3. sal",10.660 kr.,600 kr.,78 m²,3,3.,Lejlighed,Nej,Nej,Ja,Nej,Nej,Nej,Ja,Nej,N/A,"2 måneders huslejefrihed


Risskov er en forstad, der ligger nord for Aarhus, og som strækker sig ca. 5,5 km langs kysten ved Aarhus Bugt. Området inkluderer Vejlby og huser ca. 27.000 indbyggere

De to områder, Vejlby og Risskov, er opdelt af Grenåvej, der er en af hovedindfaldsvejene til Aarhus midtby, og som er forbundet med Djurslandsmotorvejen. I den sydlige del af Risskov ligger skoven, Riis Skov, som bydelen er opkaldt efter.

 Skoven er bindeleddet mellem Aarhus midtby og Risskov og er yderst attraktiv til brug for rekreative aktiviteter såsom fx gå- og løbeture, hundeluftning og picnics. Riis Skov er ligeledes kendt for ramsløgene, som hvert forår dækker skovbunden og giver en helt speciel duft i skoven.

Ydermere ligger en af byens bedste badestrande, Bellevue Strand, i cykelafstand fra Ejendommen. Det nærmeste supermarked, Rema 1000, ligger ca. 300 meter fra Ejendommen, mens Lagkagehuset ligger ca. 650 meter fra Ejendommen.

Samtidig ligger skole, daginstitutioner, øvrigt indkøb og bibliotek indenfor kort afstand. Ndr. Strandvej, hvor der er masser af liv med tøjbutikker, restauranter, bagere og andre specialbutikker, ligger ligeledes tæt på ejendommen.",https://www.boligportal.dk/lejligheder/aarhus/78m2-3-vaer-id-5371933
"Østbrovej, 2600 København, Glostrup  - 1. sal",12.395 kr.,700 kr.,92 m²,3,1.,Lejlighed,Nej,Ja,Ja,Ja,Ja,Nej,Nej,Ja,N/A,"Lækker stor 3-værelses lejlighed søger nye lejere. Lejemålet er beliggende ovenpå Rema 1000. Der er adgang til en lækker tagterrasse med masser mulighed for sol og hyggeligt samvær med ejendommens andre beboere. Der er køle-/fryseskab, emhætte, keramiske kogeplader og ovn – lejer kan selv medbringe vaskesøjle. Billeder er blot en illustration – Plantegning er vejledende.
 
Husdyr tilladt efter aftale.",https://www.boligportal.dk/lejligheder/k%C3%B8benhavn/92m2-3-vaer-id-4655586
"Rådhusgade, 8700 Horsens  - Stuen",6.995 kr.,1.100 kr.,95 m²,2,Stuen,Lejlighed,Nej,Nej,Nej,Nej,Nej,Nej,Nej,Nej,N/A,"Flot lys 2 værelses lejlighed istandsat i 2016 -  højtliggende og ingen indkig

Super central beliggende lejlighed på hele 95 kvm. med højt til loftet og masser af lys.

Lejligheden indeholder soveværelse med dejligt walk-in, samt nyt badeværelse m. brus og mulighed for installation af vaskesøjle.

Lækkert alrum/ stue med nyt veludstyret KVIK-køkken med integreret opvaskemaskine og køle-/fryseskab samt ovn m. keramiske kogeplader. 

Der er mulighed for parkering tæt på ejendommen med leje af p-plads.

Flotte og vedligeholdelsesfrie træ gulve overalt.

Der forefindes er også et fint depotrum til opbevaring i kælderen.

Der må desværre ikke holdes husdyr. 

A conto dækker vand og varme. Udover huslejen skal der betales 199 kr. i bidrag til Fibia. (Fratrækkes fakturaen fra Fibia) 

Som udgangspunkt tages der ved nye lejere reference fra tidligere lejeforhold samt kontrolopslag i RKI.

Vi står selvfølgelig klar til en uforpligtende fremvisning af denne fantastisk beliggende og flotte lejlighed.

Grundet afholdelse af ferie vil der være længere svartid. Du kan forvente at høre fra os senest i uge 32.

Vi ses.",https://www.boligportal.dk/lejligheder/horsens/95m2-2-vaer-id-4988203
"Slotsgade, 6000 Kolding  - Stuen",7.100 kr.,1.200 kr.,85 m²,3,Stuen,Lejlighed,Nej,Nej,Nej,Nej,Nej,Nej,Nej,Nej,N/A,"Centralt beliggende lejlighed i flot ejendom ved den Spanske Trappe og Koldinghus. Ejendommen er gennemgribende renoveret i fine kvalitetsmaterialer i 2013. Lejligheden indeholder køkken/alrum/stue i et, soveværelse, værelse samt badeværelse.",https://www.boligportal.dk/lejligheder/kolding/85m2-3-vaer-id-3466091
"Solbakken, 6933 Kibæk  - 1. sal",4.200 kr.,0 kr.,48 m²,2,1.,Lejlighed,Nej,Nej,Ja,Nej,Nej,Nej,Nej,Nej,N/A,"Nyistandsat, parkering - husleje incl. forbrug.",https://www.boligportal.dk/lejligheder/kib%C3%A6k/48m2-2-vaer-id-4255950
"Albani Torv, 5000 Odense, Odense C  - 2. sal",10.914 kr.,1.106 kr.,102 m²,3,2.,Lejlighed,Nej,Ja,Ja,Ja,Ja,Nej,Nej,Nej,N/A,"I de lyse lejligheder, hvor der virkelig er kræset om detaljerne. Oplev det fantastisk leverum, hvor køkken-alrum og stue er forenet på harmonisk vis. Køkkenet er stilrent og veludstyret med Bosch hårde hvidevarer, der skaber de bedste betingelser for dine kulinariske udfoldelser.

I de lyse lejligheder, hvor der virkelig er kræset om detaljerne. Oplev det fantastisk leverum, hvor køkken-alrum og stue er forenet på harmonisk vis. Køkkenet er stilrent og veludstyret med Bosch hårde hvidevarer, der skaber de bedste betingelser for dine kulinariske udfoldelser.

Gulvene er strømlinede og stilrene i Tarkett egetræ. Badeværelset er holdt minimalistisk med smukke klinker og simple elementer, så der i hele lejligheden er stor mulighed for at sætte eget præg.

Her skal du ikke lede længe for at finde, lige det du har brug for. Udenfor døren er midtbyens mange muligheder, og inden for kort afstand findes skoler, daginstitutioner, indkøbsmuligheder og fritidsaktiviteter.

Lyder denne lejlighed som noget for dig, så kontakt os for at høre mere!",https://www.boligportal.dk/lejligheder/odense/102m2-3-vaer-id-5195888
"Søhusvænget, 5270 Odense, Odense N  - 1. sal",3.700 kr.,0 kr.,26 m²,1,1.,Værelse,Nej,Nej,Nej,Nej,Nej,Nej,Nej,Ja,C,"Værelset beliggende på først etage, der er køkken og badeværelse, som benyttes af  i alt 2 lejere, mulighed for adgang til Vaskerum med vaskmaskine og tørretumbler. Dejlig have må benyttes, Bus ""ved døren"" 6 km fra Centrum. WIFI",https://www.boligportal.dk/v%C3%A6relser/odense/26m2-1-vaer-id-5367190
"Myrholmsvej, 8260 Aarhus, Viby J",5.000 kr.,500 kr.,25 m²,1,-,Værelse,Ja,Nej,Nej,Nej,Nej,Nej,Ja,Ja,N/A,". 25 kvm stort værelse med hems med indbygget skabe. Stort fælles opholdsrum og badeværelse og adgang til Tagterrasse. Lækkert køkkent deles kun med udlejer og vask og tørre. Tæt på Handelsskolen, Viby center indkøb, fitness og gode busforbindelser.",https://www.boligportal.dk/v%C3%A6relser/aarhus/25m2-1-vaer-id-5344722
"Stationsvej, 7330 Brande  - 2. sal",5.500 kr.,850 kr.,76 m²,2.5,2.,Lejlighed,Nej,Nej,Nej,Nej,Nej,Nej,Ja,Nej,D,"Lys og hyggelig 3V lejlighed
Her finder du et skønt soveværelse med smuk udsigt.
Et hyggeligt køkken i åben forbindelse med stuen, så du kan småsnakke med dine gæster medens du tryller i køkkenet. Stuen er let møblerbar og har udgang til en dejlig altan. Pænt og nydeligt badeværelse med bruser. Til lejligheden hører et rummeligt depotrum i tør og velorganiseret kælder.",https://www.boligportal.dk/lejligheder/brande/76m2-2-vaer-id-5343465
"Østervoldgade, 5800 Nyborg",4.265 kr.,450 kr.,43 m²,2,-,Lejlighed,Nej,Nej,Ja,Nej,Nej,Nej,Nej,Nej,N/A,"Velbeliggende lejlighed midt i Nyborg. Stue, soveværelse, nyere køkken og badeværelse nyistandsat i 2017.
Lejligheden ligger midt i byen, hvor gågaden er rundt om hjørnet og Nyborg havn ligeså:-)",https://www.boligportal.dk/lejligheder/nyborg/43m2-2-vaer-id-5182521
"Emilies Plads, 8700 Horsens  - 2. sal",9.845 kr.,"1.192,50 kr.",106 m²,3,2.,Lejlighed,Nej,Ja,Ja,Ja,Nej,Nej,Ja,Ja,N/A,"Velkommen til Emilies Plads i Horsens! 

Ejendommen er opført i seks etager på en eleveret base i et åbent og transparent design. Her er hver etage designet med fire 3-værelses lejligheder, der spænder mellem 90 – 105 kvadratmeter.

Boligerne er optimeret med et fantastisk lysindfald, der både kan nydes inde i lejligheden og på den tilhørende altan. Boligerne er skabt til en rummelig indretning med lejlighedens hjerte - det åbne køkken-alrum med Invita-køkken og GRAM hårde hvidevarer, der blandt andet indebærer induktionskogeplade, opvaskemaskine og indbygningsovn. Lejlighederne har gulvvarme i de lyse trægulve og stilrene klinker på badeværelset.

Placeringen er helt central i Horsens midtby med kort afstand til det aktive og pulserende byliv. Herfra kan indkøb og butikker nås på kun få minutter. Bebyggelsen er lige mellem den gamle bykerne og det nye bycenter omkring Grønlandsvej, der forenes i et elegant bykvarter.

OBS: Billederne er af en prøvebolig og dermed vejledende. Se Plantegning.",https://www.boligportal.dk/lejligheder/horsens/106m2-3-vaer-id-5306758
"Skolevej, 8464 Galten  - 1. sal",5.900 kr.,400 kr.,68 m²,2,1.,Lejlighed,Nej,Nej,Nej,Nej,Nej,Nej,Ja,Ja,C,"Boligens 68 kvm. har 4 rum. en stor lys stue, med udgang til tagterrasse, et soveværelse, et køkken, samt badeværelse med badekar. Nyrenoveret i 2011. 

Hoved ejendommen  er opdelt i 6 ejerlejligheder. fællesfaciliteterne er gode med vaske/tørrerum til fri afbenyttelse. Der er et opbevaringsrum til hver enkelt lejlighed, samt et fælles opbevaringsrum, endvidere en fælles have samt gode parkeringsforhold.  Indkøbsmuligheder og græsarealer ligger i gå afstand.",https://www.boligportal.dk/lejligheder/galten/68m2-2-vaer-id-5370000
"Dalgade, 7100 Vejle  - Stuen",6.750 kr.,750 kr.,99 m²,3,Stuen,Lejlighed,Nej,Nej,Nej,Nej,Nej,Nej,Nej,Ja,N/A,"Dejlig 3 værelses lejlighed i roligt kvarter, i gåafstand til centrum.
Til lejligheden er der altan samt fælles gårdanlæg.
Der er fællesvaskeri, redskabsrum og cykelskur.
Mulighed for opbevaringsrum.
Der er ikke tilladt at holde husdyr.",https://www.boligportal.dk/lejligheder/vejle/99m2-3-vaer-id-5356598
"Vejlevej, 7323 Give, Givskud  - 1. sal",8.500 kr.,1.300 kr.,203 m²,3,1.,Lejlighed,Nej,Nej,Ja,Nej,Ja,Nej,Ja,Nej,N/A,"Velkommen til Vejlevej hvor får mange m2 for pengene :




Stor 1. sals lejlighed med fordelergang



Tre gode værelser



To stuer en suite



Lækkert køkken med kogeø i hvide elementer


Badeværelse med brus
Gæstetoilet
Bryggers med vaskemaskine & tørretumbler

Området:

På Vejlevej i Givskud, finder man ejendommen Apotekergården. Ejendommen indeholder 16 unikke seniorboliger samt et stort lejemål på 1. sal. med dertilhørende fællesrum. Fællesrummet gør det muligt for ejendommens lejere at indgå i et aktivt fællesskab med hinanden, samt afholde arrangementer.",https://www.boligportal.dk/lejligheder/give/203m2-3-vaer-id-5290105
"Frøstjernen, 5220 Odense, Odense SØ",7.950 kr.,N/A,73 m²,3,-,Rækkehus,Nej,Nej,Ja,Nej,Nej,Nej,Ja,Ja,N/A,"Lejemålet ligger Hørgræsset, Fløjlsgræsset og Frøstjernen i Fraugde, Odense SØ. De 76 boliger i Hørgræsset, Fløjlsgræsset og Frøstjernen er opført som rækkehuse.

Dette 3 værelses lejemål er indrettet med entré og bryggers, hvorfra der er adgang soveværelse med klædeskab samt badeværelse. Fra stuen er der adgang til mindre værelse og åbent køkken.

Der er komfur og emhætte i lejemålet.

Området:

Hørgræsset, Fløjlsgræsset og Frøstjernen ligger i Fraugde. Fraugde ligger i den sydøstlige del af Odense med 1.801 indbyggere.

Byen hører til Odense Kommune. Fraugde byder på indkøbsmuligheder til de nødvendige ting i DagligBrugsen. Hvis man skal handle stort ind ligger Bilka og Rosengårdcentret tæt på. I Fraugde findes desuden børnehave, skolefritidsordning, ungdomsklub, sportshal og skole.

Med en bolig ved Hørgræsset, Fløjlsgræsset og Frøstjernen får du:

- Egen have med flisebelagt terrasse samt redskabsrum.

- 9 km fra Odense centrum og har gode stisystemer

- Rækkehus i et dejligt lukket vænge op af grønne områder og marker. Boligerne er med deres gode indretning og deres beliggenhed meget velegnet til den lille familie eller det ældre par, som sætter pris på en overskuelig og nem have og et godt nærmiljø.

Der er desuden gode transportforbindelser, idet det ligger tæt på motorvejsforbindelsen E 20, Ring 2 og motorvejsforbindelse til Svendborg. Fra Fraugde er der bus- og rutebilsforbindelser til Odense.

Bofællesskaber og delebolig er ikke tilladt.

Det er ej heller muligt at leje en bolig, såfremt du er registreret i RKI.",https://www.boligportal.dk/r%C3%A6kkehuse/odense/73m2-3-vaer-id-5368857
"Bådsgårdsvej, 7730 Hanstholm  - Stuen",2.773 kr.,625 kr.,57 m²,2,Stuen,Rækkehus,Nej,Ja,Ja,Nej,Nej,Ja,Nej,Nej,N/A,"Lejlighederne og rækkehusene på Kromarken er meget forskellige og der findes 1, 2, 3 og 4 værelses boliger i størrelsen 32 - 105 m2. På Kromarken 76 og 78 og Bådsgårdsvej findes desuden 1- og 2 værelses ungdomsboliger. En del boliger på Kromarken har egen terrasse og en lille have. Boligerne er placeret tæt på indkøb, skole og sportshal, og der er gode udenoms arealer til børn.

Vedligeholdelse
Bebyggelsen er godt vedligeholdt. Bebyggelsens ejendomsfunktionær vedligeholder de fælles grønne områder og tager sig af mindre reparationer i boligerne.
For at kunne leje denne bolig, kræver det man er medlem af boligforeningen. På BoligPortal annonceres kun reelt ledige boliger uden eksisterende venteliste på annonceringstidspunktet. Venligst kontakt udlejer hvis du er interesseret i lejemålet.",https://www.boligportal.dk/r%C3%A6kkehuse/hanstholm/57m2-2-vaer-id-5351743
"Spikergade, 6270 Tønder  - Stuen",3.290 kr.,250 kr.,37 m²,1,Stuen,Lejlighed,Nej,Nej,Nej,Nej,Nej,Nej,Nej,Nej,N/A,"Lejlighed midt i Tønder udlejes snarest. Lejligheden er indrettet med lys og rummelig Stue/køkken med direkte adgang til fælles gårdhave, Entre med adgang til badeværelse med vaskemaskine.",https://www.boligportal.dk/lejligheder/t%C3%B8nder/37m2-1-vaer-id-4736627
"Mosevænget, 5270 Odense, Odense N",9.871 kr.,0 kr.,103 m²,4,-,Rækkehus,Nej,Nej,Nej,Nej,Nej,Nej,Ja,Ja,A,"FAMILIEVENLIGT OG SMUKT BOLIGOMRÅDE 
Inde i den kulturrige by Stige, finder man Mosehanevænget, som ligger inden for et par hundrede meters afstand til både skole, offentlig transport og dagligvarer. Det gamle fiskerleje har lidt af hvert. Det byder på hyggelige huse, moderne kvarterer og et yderst særligt kanalmiljø.
Der opføres 6 dejlige rækkehuse alle sammen i 2 plan på 103 m2, med en månedlig husleje på 9.871kr. 
Alle rækkehusene har egen terrasse og gratis parkering, hvor der her etableres 1½ parkeringsplads pr. bolig. Derudover, findes der en forhave med tilknyttet udhus på alle boliger.
Depositum er 3 måneds husleje
Forudbetalt husleje er 1 måneds husleje
Forbrug afregnes direkte til forsyningsselskabet 
TÆT PÅ STORBYEN 
Der er små 7 kilometer indtil centrum af Odense. Det tager altså ikke lang tid at komme ind til de hyggelige cafeer og det meget alsidige kulturliv.
DEJLIG NATUR 
I Stige har man naturen lige i baghaven, og kan nyde godt af alt den tilbyder når dette lystes.  Hvis du foretrækker at tage cyklen, så er der stiforbindelse til midtbyen. Den nærtliggende Odins bro gør det nemt at komme omkring byen. 
PASNING OG SKOLE 
Heldigvis har Stige flere skoler og institutioner. Brushanevænget er nabo til Stige friskole, som også har en børnehave og der er 1000m til Stige skole – Det bliver ikke meget nemmere.

Indflytningsdatoen er vejledende.",https://www.boligportal.dk/r%C3%A6kkehuse/odense/103m2-4-vaer-id-5298478
"Storegade, 8850 Bjerringbro  - 2. sal",6.500 kr.,1.000 kr.,111 m²,4,2.,Lejlighed,Nej,Ja,Nej,Nej,Nej,Nej,Nej,Nej,N/A,"Hyggelig lys lejlighed på 111 kvm midt i Bjerringbro
Stort nyt køkken med spiseplads, stort soveværelse, 2 sammenhængende stuer, et mindre børneværelse. 
Alle hårde hvidevarer i lejligheden - opvaskemaskine, vaskemaskine, tørretumbler, køle-fryseskab
Lejligheden ligger i Storegade tæt på alle dagligvarebutikker og med 3 minutter til banegården i en rolig ejendom.
Husleje 6500,- + forbrug.
Indskud: 3 x husleje.
Overtagelse snarest.",https://www.boligportal.dk/lejligheder/bjerringbro/111m2-4-vaer-id-4845289
"Finsensvej, 2000 København, Frederiksberg  - 1. sal",10.800 kr.,750 kr.,39 m²,2,1.,Lejlighed,Nej,Nej,Nej,Ja,Nej,Nej,Nej,Nej,A,"* Ved indflytning 15. november skal vi senest have modtaget underskrift på lejekontrakt samt indbetaling 9. november 2021. Der skal i perioden betales for forbrug.
Bliv en del af Blækhus-fællesskabet Flotte fællesområder skræddersyet efter fællesskabets behov – her er der både plads til at studere og hygge sig.
Alle fællesrum er naturligvis udstyret med højhastigheds internet!
En række fordele, der gør boligen til et skønt sted at bo:
- Tagterrasse, perfekt til hyggelige stunder og med udsigt over København
- Fælleskøkkener, hvor du kan lave mad med dine venner
- Lounge- og arbejdsområder, hvor du kan fordybe dig i arbejdet eller studierne
- Gode fælleslokaler, hvor du kan hænge ud med dine naboer og venner
- Et yogalokale, hvor du kan pleje krop og sind
- Et moderne vaskeri med 5 vaskemaskiner og 3 tørretumblere
Boligerne (1. sal til 4. sal) er klar til indflytning snarest.",https://www.boligportal.dk/lejligheder/k%C3%B8benhavn/39m2-2-vaer-id-5211302
"Kirkegade, 9600 Aars  - 3. sal",8.193 kr.,N/A,108 m²,3,3.,Lejlighed,Nej,Ja,Nej,Nej,Nej,Nej,Nej,Nej,N/A,"Lejemålet er beliggende på Kirkegade og består af 3 værelser samt køkken og bad. Lejemålet er 108 m2 og er klar til overtagelse snarest. Månedlig husleje er 8193 kr. og indskud beløber sig til 42800 kr. 

Send en besked, hvis lejemålet har fanget din interesse.
For at kunne leje denne bolig, kræver det man er medlem af boligforeningen. På BoligPortal annonceres kun reelt ledige boliger uden eksisterende venteliste på annonceringstidspunktet. Venligst kontakt udlejer hvis du er interesseret i lejemålet.",https://www.boligportal.dk/lejligheder/aars/108m2-3-vaer-id-5376339
"Rantzausgade, 9000 Aalborg, Aalborg  - 3. sal",6.812 kr.,405 kr.,85 m²,3,3.,Lejlighed,Nej,Ja,Nej,Nej,Nej,Nej,Nej,Ja,N/A,"Nyistandsat 3. værs lejlighed. Lejligheden indeholder en fordelingsgang med indgang til 2 stuer an suite (den ene stue med karnap)., soveværelse m/HTH garderobeskab med spejl i skydedøre. HTH køkken med keramisk komfur, emhætte, køle-/fryseskab, ny opvaskemaskine  og badeværelse med toilet og bad.
Der er fyrtræsgulve i lejligheden.
Der er indlagt Fibernet/TV-Stofa med mulighed for internet, som kan tilkobles. I ejendommen er der dørkaldeanlæg. Flot Gårdanlæg. Lejligheden ligger 3-5 minutter fra byens gågade, cafeer m.v.",https://www.boligportal.dk/lejligheder/aalborg/85m2-3-vaer-id-4918228
"Østergade, 8620 Kjellerup  - Stuen",8.710 kr.,820 kr.,117 m²,4,Stuen,Rækkehus,Nej,Ja,Ja,Nej,Nej,Nej,Nej,Nej,N/A,"Det gamle dommerkontor i Kjellerup er en yderst charmerende afdeling. Boligerne har smukke unikke detaljer. Haven er smuk med gamle træer. Et fantastisk sted. 
Boligen er i 2 etager

Mandag: 9-13
Tirsdag: 9-13 & 15-16.30
Onsdag: 9-13
Torsdag: 9-13 & 15-16.30
Fredag: 9-13

For at kunne leje denne bolig, kræver det man er medlem af boligforeningen. På BoligPortal annonceres kun reelt ledige boliger uden eksisterende venteliste på annonceringstidspunktet. Venligst kontakt udlejer hvis du er interesseret i lejemålet.",https://www.boligportal.dk/r%C3%A6kkehuse/kjellerup/117m2-4-vaer-id-5172747
"Utterslev Torv, 2400 København, København NV  - 1. sal",17.800 kr.,500 kr.,91 m²,4,1.,Lejlighed,Nej,Ja,Nej,Nej,Nej,Nej,Nej,Nej,D,"Skøn 4-værelses 
Velkommen til denne skønne 4-værelses lejlighed med 3 gode værelser i NV. Fra entréen er der adgang til lejlighedens første værelse og lejlighedens store sydvendt stue. Herefter møder du lejlighedens nyrenoveret køkken med plads til spisebord. Fra køkkenet har man adgang til lejlighedens to sidste værelser, det ene med indbygget skab, og til lejlighedens nyrenoveret badeværelse med separat bad og egen vaskemaskine. De store vinduespartier i opholdsrummet giver det bedste dagslys, så lejligheden er rigtig dejlig lyst. Lejligheden er perfekt til familien med et eller to børn eller til venner som gerne vil bo sammen.

Lejligheden er placeret tæt på alt det, du har brug for. Lige ud af vinduet ses det skønne grønne areal Utterslev Torv og med få minutters gang kan du komme til den skønne naturområde Utterslev Mose. Bus 5C køre hvert 12 min. til Nørreport holder ikke langt fra lejligheden. Der er gode parkeringsmuligheder på gaden og længere nede af gaden ligger nærmeste indkøbsmulighed. Der er flere cafeer og nogen enkelte bar lidt længere ned af gaden i retningen af Nørrebro st. 

Mulighed for møbler. Indflytning er 15 august.",https://www.boligportal.dk/lejligheder/k%C3%B8benhavn/91m2-4-vaer-id-5366315
"Sommerfugleengen, 8600 Silkeborg",8.210 kr.,0 kr.,74 m²,2,-,Rækkehus,Nej,Ja,Ja,Nej,Ja,Nej,Ja,Ja,A,"Oplagt rækkehus til parret eller singlen som ønsker en gennemlyst bolig med et dejlig køkken-alrum.
Boligens køkken er skabt til at danne rammen om mange gode middage sammen med gode venner og familie!

Rummelig toværelses rækkehus med egen terrasse. Boligen indeholder gulvarme (fjernvarme) og luftrensende ventilationsanlæg samt alt i hårde hvidevarer inkl. opvaskemaskine, vaskemaskine og tørretumbler.

Entré/bryggers
Du træder ind i en indbydende kombineret entré og bryggers. Her er masser af plads til at opbevare overtøj og fodtøj, og du kan samtidig glæde dig over egen vaskemaskine og tørretumbler. Fra bryggerset er der direkte adgang til boligens badeværelse.

Badeværelse
Rækkehusets badeværelse er indrettet i stilrene og lyse elementer, som passer godt med resten af boligen. Badeværelset har både toilet, bruseniche, håndvask samt smart opbevaring.

Køkken-alrum og stue
Fra bryggerset har du også adgang til boligens store køkken-alrum, hvor du først bliver mødt af det lyse køkken i stilrene kvalitetsmaterialer. Køkkenet indeholder alt i hårde hvidevarer, så du nemt og bekvemt kan klare både madlavningen og oprydningen. I alrummet er der god plads til et stort spisebord samt mulighed for at indrette stue i modsatte ende af køkkenet. Herfra er der desuden udgang til egen terrasse, som indbyder til hyggelige udendørs stunder. Terrassen vender mod syd og her kan man slappe af med udsigt til den lille sø.

Soveværelse
Fra alrummet har du adgang til boligens soveværelse, hvor der foruden plads til en stor seng er integreret to faste garderobeskabe. Soveværelset har vindue mod den private terrasse. 

Der er indlagt fiber i boligen.
Der er frit valg af udbyder i området.

Der er opsat to ladestandere på fælles p-pladserne med hver to udtag.

Husdyr tilladt efter aftale, hvis hunderacer er ikke tilladt grundet race, størrelse og temperament. På større hunde kan der pålægges et månedligt gebyr på 300 kr.",https://www.boligportal.dk/r%C3%A6kkehuse/silkeborg/74m2-2-vaer-id-5349800
"Østergade, 8370 Hadsten  - 1. sal",7.200 kr.,800 kr.,90 m²,4,1.,Lejlighed,Nej,Ja,Nej,Nej,Nej,Nej,Nej,Ja,N/A,"Perfekt 4 værelseslejlighed, som kan bruges som delevenlig for studerende og med kun 2 min til tog, direkte til Aarhus. 

En lejlighed med masser af muligheder, til familie eller par.",https://www.boligportal.dk/lejligheder/hadsten/90m2-4-vaer-id-5354251
"Dirch Passers Gade, 8000 Aarhus, Aarhus C  - 6. sal",10.695 kr.,700 kr.,79 m²,2,6.,Lejlighed,Nej,Nej,Ja,Ja,Ja,Nej,Ja,Nej,A,"BILLIG INDFLYTNINGSPRIS KR. 0,- I FORUDBETALT LEJE OG KUN 2 MÅNEDERS LEJE I DEPOSITUM.

BO TÆT PÅ BYENS UDDANNELSESSTEDER!

Trianglen er en arkitektonisk, smuk karré-bebyggelse ved det gamle godsbaneareal. Et ideelt hjem for dig, der vil være helt tæt på centrum og samtidig have skønne rekreative områder lige uden for døren. Området er med sin unikke placering tæt på Aarhus midtby, indkøbsmuligheder, uddannelsessteder og arbejdspladser et optimalt sted at slå sig ned for især unge og for børnefamilier.

Lejligheden, der har gulvvarme, indeholder:

- Soveværelse med skabe

- Lyst og dejligt køkken med opvaskemaskine. Køkkenet er i åben forbindelse med lejlighedens stue og herfra har man udgang til stor altan.

- Flot badeværelse med separat bruseniche og med vaskemaskine og tørretumbler.

Ring i dag og aftal en tid for en fremvisning af denne dejlige lejlighed.

Der kan gives særskilt tilladelse til en mindre hund.

Billeder er fra et lignende lejemål.",https://www.boligportal.dk/lejligheder/aarhus/79m2-2-vaer-id-5347586
"Hviidsvej, 8940 Randers, Randers SV  - Stuen",8.150 kr.,250 kr.,81 m²,3,Stuen,Lejlighed,Nej,Nej,Ja,Ja,Nej,Nej,Ja,Ja,A,"Denne lækre treværelses lejlighed er indrettet omkring et indbydende køkken, der ligger i åben forbindelse med stuen, hvor der både er spiseplads samt plads til sofa. Det hvide HTH-køkken er placeret i en pladsbesparende vinkel og indeholder alt i hårde hvidevarer. Fra alrummet er der direkte udgang til egen sydvendt altan, som giver et fantastisk lysindfald til rummet via de store vinduespartier.

Soveværelse og værelse ligger side om side i lejlighedens ene ende. Soveværelset indeholder god plads til en dobbeltseng og har desuden to faste garderobeskabe. Det andet værelse har et enkelt garderobeskab samt plads til skrivebord og enkeltseng.

Med egen vestvendt altan er det muligt at nyde en stund under åben himmel, eller blot trække udenfor og nyde måltiderne, når vejret tillader det.
Boligens bad er indrettet med bruseniche, toilet, håndvask, opbevaring samt en funktionel vaskesøjle med vaskemaskine og tørretumbler.

I lejligheden er der også et depotrum, som kan bruges til opbevaring af julepynt eller som viktualierum.

Den energivenlige bolig har gulvvarme i alle rum og ventilationsanlæg for et bedre indeklima.
Forbruget for el og varme betales direkte til forsyningsselskaberne. Forbruget for vand afregnes 250 kr. aconto til udlejer.

Der er elevator i hver opgang, legeplads, gratis p-plads og cykelparkering.

2 husdyr er tilladt efter aftale.

Billeder og illustrationer er vejledende.",https://www.boligportal.dk/lejligheder/randers/81m2-3-vaer-id-5351963
"Oslovej, 8600 Silkeborg  - 3. sal",11.000 kr.,0 kr.,112 m²,4,3.,Lejlighed,Nej,Ja,Ja,Ja,Ja,Nej,Ja,Ja,N/A,"INGEN INDSKUD

**** Skriv til os og aftale tid for en fremvisning ****

LAVT VARMEFORBRUG. ANSLÅET VARME PR. ÅR AFHÆNGIG AF STØRRELSE PÅ LEJLIGHEDEN MELLEM KR. 5.000,- OG KR. 7.000,-

Her opføres 12 nye lejligheder. De ledige lejligheder er alle 4-værelses på 112 eller 119 m2. Der er eget depotrum i underetagen samt altan til alle lejligheder.

Lejlighederne er klar til indflytning.

Det er muligt at tilleje garage til lejlighederne til en månedlig pris på kr. 800,-.

Forbrug kommer udover lejen og afregnes særskilt.

Nogle af lejlighederne bliver med skøn udsigt.

I området bliver et grønt areal med legeplads, gæsteparkering samt affaldsstation. 

Kontakt os allerede i dag for at høre nærmere........",https://www.boligportal.dk/lejligheder/silkeborg/112m2-4-vaer-id-5285954
"Markkrogen, 6900 Skjern, Stauning",6.434 kr.,N/A,71 m²,2,-,Rækkehus,Nej,Nej,Ja,Nej,Nej,Nej,Nej,Nej,N/A,"Boligerne er rækkehuse, som er opført i 1989. Der er et skur til hver bolig.

Boligerne er en del af en afdeling består af 51 familieboliger og 15 studieboliger.
Stauning er en aktiv landsby med omkring 800 faste beboere. Byen ligger i centralt placeret i Ringkøbing-Skjern kommune, få hundrede meter fra Ringkøbing Fjord, og med Skjern Å som grænse mod syd.
Her trives børn, unge og ældre i pagt med fjorden og den fantastiske natur, som ligger lige ude for døren. 
Naturen kan bl.a. opleves i fuldt flor på de mange stier, som er lavet i tilknytning til fjorden og ikke mindst på den skønne og dejlige havn, hvor miljøet med de små huse og bådklubben er et yndet udflugtsmål for såvel beboerne i Stauning som for folk udefra.
Stauning har tillige et rigt og aktivt foreningsliv, som giver en række spændende tilbud til både børn og voksne. Skolen går fra 0. til 6. klassetrin. Der er også SFO, børnehave og dagplejer i byen. Beboerne i Stauning kan benytte sig af hallen i Dejbjerg. 
Stauning er et attraktivt og oplagt sted at bosætte sig, men også et spændende sted at besøge for de mange turister, som hver år vælger at holde ferie i sommerhusområderne omkring byen.
Stauning blev årets landsby i Region Midtjylland i 2020.

Boligernes energimærke: 

F.

Telefonen er åben mandag - torsdag 9.00-12.00 og 13.00-15.00. Fredag fra 9.00-12.00.
For at kunne leje denne bolig, kræver det man er medlem af boligforeningen. På BoligPortal annonceres kun reelt ledige boliger uden eksisterende venteliste på annonceringstidspunktet. Venligst kontakt udlejer hvis du er interesseret i lejemålet.",https://www.boligportal.dk/r%C3%A6kkehuse/skjern/71m2-2-vaer-id-5245912
"Fredensgade, 5591 Gelsted, Gelsted  - Stuen",1.599 kr.,200 kr.,28 m²,1,Stuen,Rækkehus,Nej,Nej,Ja,Nej,Nej,Ja,Nej,Nej,N/A,"OBS ved 1 værelsesungdomsboliger skal du være under uddannelse for at kunne komme i betragtning til den. Boperioden er tidsbegrænset til 3 måneder efter uddannelsens sluttidspunkt.
Bebyggelse (Gelsted Byvej)
Gelsted Byvej består af etageboliger indrettet i en gammel købmandsforretning i 1995. Afdelingen består af 5 boliger, med en fælles gård.
Bebyggelse (Tåruplundvej)
Der er 21 familieboliger i afdelingen. Afdelingen består af hhv. parcelhuse og ét plans rækkehuse med egen have, opført i 1982. Afdelingen ligger i børnevenligt kvarter i udkanten af Gelsted. Der er carport og skur med til boligerne.
Bebyggelse (Fredensgade)
Fredensgade består af familieboliger samt 3 ungdomsboliger. Boligerne består af 1-plansrækkehuse opført i 1989 med egen overkommelig have.Boligerne ligger centralt i Gelsted tæt på indkøb, skole, daginstitution samt regionaltoget der køre mellem Odense og Fredericia.

Beliggenhed
Afdelingen ligger midt i Gelsted tæt på indkøbsmuligheder og offentlig transport. Gelsted ligger mellem Ejby og Årup, i Middelfart kommune ca. 30 km vest for Odense.
Boligerne
Boligerne er enten 2 eller 3 rum. Der er komfur og køleskab i boligerne og opvarmning sker med fjernvarme. Der er carport til 2 boliger.
Beboerne
Der er en blandet beboersammensætning med både unge, ældre og familier. Der er et godt naboskab i bebyggelsen. På det årlige møde for alle beboere beslutter man alle forhold omkring afdelingens drift og husleje mv.
Indret dig som du vil
Du kan ændre boligens indretning, dog skal du først anmelde dine ønsker til ændringer i boligen. Når du flytter kan du få godtgørelse for forbedringer, som du selv har betalt.
Vedligeholdelse
Bebyggelsen er godt vedligeholdt. Bebyggelsens ejendomsfunktionær vedligeholder de fælles grønne områder og tager sig af mindre reparationer i boligerne. Der er også tilknyttet en driftschef, der sørger for den løbende vedligeholdelse af bebyggelsen.
For at kunne leje denne bolig, kræver det man er medlem af boligforeningen. På BoligPortal annonceres kun reelt ledige boliger uden eksisterende venteliste på annonceringstidspunktet. Venligst kontakt udlejer hvis du er interesseret i lejemålet.",https://www.boligportal.dk/r%C3%A6kkehuse/gelsted/28m2-1-vaer-id-5364480
"Beddingen 80, 7100 Vejle  - 1. sal",10.495 kr.,1.130 kr.,102 m²,4,1.,Lejlighed,Nej,Ja,Ja,Nej,Nej,Nej,Ja,Ja,N/A,"Velkommen til Beddingen! 

Her kan I bosætte jer i naturskønne omgivelser med åen og fjorden lige udenfor døren, så I kan nemt sætte en kajak i vandet, tage en frisk dukkert eller gå smukke ture. Fra lejligheden er der kort afstand til centrum og det maritime havnemiljø, og nærmiljøet byder endvidere på alt fra skole og daginstitution til indkøbsmuligheder.

Lejligheden har lyse trægulve og er opført i skandinavisk stil. Det funktionelle og lyse køkken-alrum med hvide elementer har alt i hårde hvidevarer. Badeværelset har store flotte fliser, god opbevaringsplads og vaskesøjle. Fra lejlighedens stue og soveværelse er der udgang til en dejlig altan, hvor der er god plads til at skabe en lille oase, hvor man kan nyde de lune sommeraftener. Soveværelset har walk-in-closet og de to værelser har indbyggede skabe. 

Der hører et depotrum med til lejligheden, og så er der gratis parkering på terræn.

Lyder dette som noget for dig? Så kontakt os endelig for en fremvisning!",https://www.boligportal.dk/lejligheder/vejle/102m2-4-vaer-id-5374210
"Kløvervej, 6000 Kolding  - 1. sal",8.750 kr.,1.000 kr.,89 m²,3,1.,Lejlighed,Nej,Nej,Ja,Ja,Nej,Nej,Nej,Ja,N/A,"FLYT IND MED LEJERABAT: Underskriv lejekontrakten inden 1. september 2023 og få 2 måneders gratis husleje (gælder ikke aconto-udgifter).

NYE MODERNE UDSIGTSLEJLIGHEDER VED KOLDING FJORD.

Kløverhaven er bygget i 2022/2023 og består af fire bygninger placeret forskudt af hinanden i grønne omgivelser – med udsigt over fjorden med den skønne lystbådehavn og kun 2,5 kilometer væk fra Kolding centrum.

De moderne og lyse boliger tilbydes i forskellige størrelser. Indretningen er funktionel, enkel og udført i nordisk stil med kvalitetsmaterialer og godt lysindfald fra de store vinduespartier.

Alle lejligheder har en skøn rummelig altan eller terrasse.Foran terrassen er der beplantet med høje græsser som er plantet med tanken ” vild med vilje ” ….

De fire etagebygninger bindes sammen af et unikt parkområde med grønne oaser, legeplads og opholdszoner. Her bliver masser af plads til både at dyrke egotid, familietid, leg og fællesskab i de grønne omgivelser.


Flyt ind på Kløverhaven og få :


En virkelig flot og moderne lejlighed med lavenergiklasse A2020
Alt i hårde hvidevarer
Flotte gulve i egetræs look
Skøn rummelig altan eller terrasse - de øverste med udsigt til fjorden/lystbådehavnen
Lyse indbydende opgange med dørtelefon og elevator
Fri parkering med El standere (via app)
Molokker
Unikt parkområde med legeplads, stier samt hyggelige fællesområder
Mulighed for cykelparkering (overdækket)
Aflåst skur til f.eks. barnevogn, rollator samt el cykel
Yousee fibernet
Hund tilladt (med forbehold)



Bofællesskaber og delebolig er ikke tilladt.

Det er ej muligt at leje en bolig såfremt man er registeret i RKI.

ÅBENT HUS:
 - Onsdag den 9. august 2023, kl. 10:00-11:00
 - Torsdag den 10. august 2023, kl. 16:00-17:00

OBS: Venligst hold dig opdateret, da der godt kan forekomme ændringer.",https://www.boligportal.dk/lejligheder/kolding/89m2-3-vaer-id-5367533
"Rosensgade, 8300 Odder  - 2. sal",8.500 kr.,900 kr.,122 m²,3,2.,Lejlighed,Nej,Nej,Nej,Ja,Nej,Nej,Nej,Ja,N/A,3 vær. lejl. i Centralhotellet med egen vaskemaskine og tørretumbler og egen parkering.,https://www.boligportal.dk/lejligheder/odder/122m2-3-vaer-id-5355715
"Klostergade, 7770 Vestervig",4.650 kr.,2.000 kr.,130 m²,5,-,Lejlighed,Nej,Ja,Ja,Nej,Nej,Nej,Nej,Nej,N/A,Pæn 5 værelses lejlighed midt i byen tær på skole og indkøb.Udgang til hyggelig gårdmiljø,https://www.boligportal.dk/lejligheder/vestervig/130m2-5-vaer-id-5363428
"Skanderborgvej, 8260 Aarhus, Viby J  - Stuen",7.995 kr.,500 kr.,68 m²,3,Stuen,Lejlighed,Nej,Ja,Nej,Ja,Nej,Nej,Ja,Ja,N/A,"Delevenligt lejemål udlejes i skøn ejendom. 

Lejemålet består af to gode værelser, køkken/alrum. 
Herudover er der altan. 

Der medfølger alt i hårdhvidevare. 

Lejligheden ligger 4 km fra Århus Centrum og 500 meter fra Viby Torv med masser af indkøbsmuligheder.

Lejligheden har vaskesøjle på badeværelset, en rummelig entré og et opholdsrum i forbindelse med køkkenet. 

Der er fri parkering på ejendommen, cykelparkering og depotrum.

Billeder er fra et andet lejemål i ejendommen",https://www.boligportal.dk/lejligheder/aarhus/68m2-3-vaer-id-5234119
"Frisenborgparken, 7430 Ikast",7.247 kr.,N/A,96 m²,3,-,Rækkehus,Nej,Ja,Ja,Nej,Nej,Nej,Nej,Nej,N/A,"Flotte utraditionelle rækkehuse i 2 etager, der er opført som øko-boliger i 1998. Der er kanaler langs boligerne til opsamling af regnvand.

Der er fælles vaskeri, hvor afregningen betales over huslejen.

Der er et fælles depotrum under vaskeriet.

Afdelingen består er 51 familieboliger og 6 ældreboliger.

Ikast er beliggende 10 km øst for Herning med ca. 16.000 indbyggere. Der kører både bus og tog til Herning, Silkeborg og Århus. Desuden er der gratis bybus i Ikast by.

Der er et stort udvalg af dagligvarebutikker og specialbutikker. Desuden er der svømmecenter og biograf. Her er alle muligheder for aktiviteter – bl.a. golf, ridning, motionscentre samt et rigt foreningsliv.

I Ikast er der dagplejere, vuggestuer, børnehaver, SFO, 3 folkeskoler, international skole samt gymnasium, handelsskole og pædagogseminarium.

Boligernes energimærke: C.

Telefonen er åben mandag - torsdag 9.00-12.00 og 13.00-15.00. Fredag fra 9.00-12.00.
For at kunne leje denne bolig, kræver det man er medlem af boligforeningen. På BoligPortal annonceres kun reelt ledige boliger uden eksisterende venteliste på annonceringstidspunktet. Venligst kontakt udlejer hvis du er interesseret i lejemålet.",https://www.boligportal.dk/r%C3%A6kkehuse/ikast/96m2-3-vaer-id-5292186
"Munkgårdkvarteret, 7400 Herning, Snejbjerg",10.400 kr.,600 kr.,120 m²,5,-,Rækkehus,Nej,Nej,Ja,Nej,Nej,Nej,Nej,Ja,B,"Indeholder entre/bryggers med vaskemaskine og tørretumbler, køkken/alrum med keramisk kogesektion, ovn, emhætte, køleskab/fryseskab og opvaskemaskine. Soveværelse, stue og 3 værelser. Gulvvarme i alle rum. Vognly og udhus.

Forbrug bortset fra vand/vandafledning afregnes direkte til værkerne.

Husdyr tilladt efter aftale.",https://www.boligportal.dk/r%C3%A6kkehuse/herning/120m2-5-vaer-id-4624022
"Sletterhagevej, 8240 Aarhus, Risskov  - Stuen",6.500 kr.,550 kr.,57 m²,2,Stuen,Lejlighed,Nej,Nej,Nej,Nej,Ja,Nej,Nej,Nej,N/A,"Lys 2 vær. på 2. sal udlejes med overtagelse 16/6 eller snarest derefter.

Lejemålet er indrettet med en lille entré, et badeværelse med brusekabine og toilet. I køkkenet er der komfur, emhætte og opvaskemaskine. Godt lysindfald fra 2 sider i stuen. Soveværelset er med indbyggede skabe. 
I kælderen er der eget pulterrum, adgang til gratis fælles vaskeri og gratis parkering (bil)

Lejemålet ligger tæt ved letbanen og busstation. En cykeltur til midtbyen tager ca. 20 min (langs vandet).

A conto er vand og varme. 

Husdyr og rygning ej tilladt på matriklen

Lejeperioden er ubegrænset - minimum 12 mdr.

OBS: Fotos er fra en tilsvarende lejlighed i bygningen. Detaljer kan variere",https://www.boligportal.dk/lejligheder/aarhus/57m2-2-vaer-id-5362364
"Klostervej, 5000 Odense, Odense C  - 2. sal",7.350 kr.,700 kr.,70 m²,3,2.,Lejlighed,Nej,Ja,Nej,Nej,Nej,Nej,Nej,Nej,D,"3 værelses lejlighed på Klostervej centralt i Odense C er ledig pr. 1. oktober 2023.

Lejligheden består at en lille gang, badeværelse med toilet og bad, køkken, stue samt 2 værelser.
Lejligheden udlejes med følgende inventar i køkkenet:
Komfur
Emhætte
Køle-/fryseskab

Lejligheden egner sig fint til dele lejlighed. 

Lejere der står anført i RKI vil ikke blive godkendt.

Der er også mulighed for at leje en parkeringsplads i gården til kr. 600,00 pr. måned. 

Henvendelse skal ske via BoligPortalen",https://www.boligportal.dk/lejligheder/odense/70m2-3-vaer-id-5015719
"Slotsgade, 8700 Horsens  - 1. sal",6.200 kr.,600 kr.,64 m²,2,1.,Lejlighed,Nej,Nej,Nej,Nej,Nej,Nej,Ja,Ja,C,"Med ca. 150 m. til den nye havnefront, gåafstand til Langelinie, lystbådehavnen, Lunden og centrum med butikker, restauranter og cafeer, ligger lejligheden super attraktivt. 

Lejligheden er 64m2 og ligger i velholdt klassisk ejendom og består af stue og værelse med nye trægulve samt stort bad/toilet og nyt køkken.

Det nye køkken indeholder nye hårde hvidevarer, herunder opvaskemaskine og keramisk kogeplade.

Lejligheden har fantastisk godt lysindfald og sydvendt overdækket altan mod haven. 

Vinduerne i ejendommen en nye og med sprosser, som huset var opført.

Kælder er disponeret med eget stort depotrum. 

Til ejendommen hører en lukket og hyggelig sydvendt baghave hvor der er mulighed for grill, bål mv. Haven deles med de 2 øvrige lejligheder. (Kun 3 boliger i ejendommen).

Parkering findes lige ved døren på Slotsgade, hvor der altid er gratis parkeringsmulighed.

Husdyr/ rygning i lejligheden er ikke tilladt.


Husleje: 6.200kr/md
Depositum: 18.600kr

Der opkræves a/c for vand og varme. El/ internet afregnes direkte med værket.",https://www.boligportal.dk/lejligheder/horsens/64m2-2-vaer-id-5377426
"Morsingvej, 7900 Nykøbing M, Tæbring",4.925 kr.,800 kr.,73 m²,3,-,Hus,Nej,Ja,Ja,Nej,Nej,Nej,Ja,Ja,E,"Står du og mangler et sted at bo - til eje eller leje, så er dette fine hus klar til straksindflytning.

Vil du gerne købe på sigt, så hjælper vi gerne med finansieringen.

Er du bare interesseret i at leje huset, så er det naturligvis også en mulighed - vi er meget fleksible på at lave en boligløsning der passer for dig.

Huset opvarmes med brændeovn, luft til luft varmepumpe og oliefyr.  Så har du tiden til det, så kan du opvarme boligen meget billigt.

Der er velfungerende lejeplads tæt på huset, og bussen holder næsten ved døren.

Husdyr efter nærmere aftale med udlejer",https://www.boligportal.dk/huse/nyk%C3%B8bing-m/73m2-3-vaer-id-5364350
"Violvej, 6000 Kolding  - Stuen",5.290 kr.,600 kr.,51 m²,2,Stuen,Lejlighed,Nej,Nej,Nej,Nej,Nej,Nej,Nej,Ja,D,"Pæn og regulær 2 værelses lejlighed, med pænt køkken og pænt bad. God indretning. Perfekte til studerende - par - familier m.m.

Lyse materialer og en lys og rummelig lejlighed, godt indrettet. Skabe i entré m.m.

Skøn beliggenhed på Violvej - med grønne områder som nabo og kun 5 min. gang til International Business College og Designskolen, og 10 min. gang til banegården. Forhør venligst nærmere.",https://www.boligportal.dk/lejligheder/kolding/51m2-2-vaer-id-5322033
"Kongensgade, 9800 Hjørring  - 2. sal",5.850 kr.,800 kr.,102 m²,3,2.,Lejlighed,Nej,Ja,Nej,Nej,Nej,Nej,Nej,Nej,E,"Perfekt delelejlighed for studerende. Klar til studiestart 2023.
To gode soveværelser og køkken og stue i samlet miljø. Badeværelse og separat gæstetoilet. 
Hyggelig taglejlighed med fritlagte spær og rustikke gulve.
Fremvisning efter aftale med ejer.",https://www.boligportal.dk/lejligheder/hj%C3%B8rring/102m2-3-vaer-id-5207309
"Langdalen, 8960 Randers, Randers SØ",9.500 kr.,350 kr.,124 m²,5,-,Rækkehus,Nej,Nej,Ja,Nej,Nej,Nej,Nej,Nej,N/A,"I det attraktive boligkvarter ved Assentoft finder du Langdalen: Nyere opførte fuldmuret rækkehuse , 18 lyse rækkehuse i, som fordeler sig på fire til fem værelser – perfekt til par eller den lille familie.

Rækkehusene i Langdalen er kendetegnet ved en gennemtænkt planløsning udført i kvalitetsmaterialer og designet i ren, nordisk stil med flot lysindfald.

I denne femværelses bolig får du:


Fire gode soveværelser
Stort køkkenalrum med alle hårde hvidevare, og i åben forbindelse med stuen
2 Badeværelse
Gulvvarme i alle rum
124 kvm fordelt på 2 plan
Egen carport og isoleret skur
Egen terrasse
Egen have
Fælles legeplads

Lejevilkår:


Det er tilladt at holde 1 stk. hund på max 35 kg eller under 40 cm i højden (med forbehold). Katte er ikke tilladt.
Det er ikke muligt at leje boligen, hvis du er registreret i RKI.

* Bemærk at billederne ikke nødvendigvis er taget af/fra den pågældende bolig, og at udsigt m.v. derfor kan variere.

Området:

Velkommen til Langdalen, og særligt velkommen Assentoft, ca 8 km øst for RandersNabolaget kendetegnes med en rolig og tryg atmosfære, hvor naturen og hverdagens fornødenheder forenes. Langdalen placerer sig ud til åbne marker, med god trafiksikkerhed, som blot understreger den helt særlige følelse af fred og ro, som man oplever her. På trods af de idylliske omgivelser, kommer I til at bo få minutters cykeltur fra Assentoftskolen og Børnehaven Toftegård, og når fritidsinteresserne skal plejes, så ligger Assentoft Hallerne i samme omfang og tilbyder alt fra håndbold og fitness til petanque. Her afholdes endvidere spændende arrangementer i form af bl.a. kræmmermarked, der styrker det i forvejen gode fællesskab, som byen er kendt for.

Fortsætter vi fire minutter væk på cykel, så byder Storegade på velassorterede handlemuligheder i SuperBrugsen og take-away fra det lokale pizzeria.Her er I sikret en nem og bekvem hverdag, men skulle I alligevel trænge til luftforandring, så ligger Randers midtby bare 15 minutter i bil herfra og byder på smukke naturoplevelser ved Gudenåen og Randers Fjord, en bred vifte af aktiviteter for børn og voksne, unikke kulturoplevelser, gastronomi, shopping og alt det, der ellers hører bylivet til. Her skal I ikke indgå kompromisser.

Det er tilladt at holde 1 stk. hund på max 35 kg eller under 40 cm i højden(med forbehold) ingen katte.

Læs mere om ejendommen herunder.",https://www.boligportal.dk/r%C3%A6kkehuse/randers/124m2-5-vaer-id-5356151
"Sankt Jørgens Vej, 5700 Svendborg  - Stuen",6.184 kr.,702 kr.,68 m²,2,Stuen,Lejlighed,Nej,Nej,Ja,Nej,Nej,Nej,Nej,Nej,F,"Smuk lys og venlig lejlighed på ca. 68 m² udlejes. Lejen pr. måned er  6.184 kr..+ a/c varme/vand 702 kr., el efter egen måler. Depositum og forudbetalt leje udgør kr. 20.700. Det er kun tilladt at holde kat. Stor, hyggelig 2 værelses lejlighed i Svendborgs centrum til overtagelse 1. september 2023 eller senere. Lejligheden indeholder skabsentré, nyt brusebadeværelse, nyt køkken med ovn, opvaskemaskine, en stor lys stue og soveværelse. Der er adgang til møntvask, tørrerum og en dejlig ugenert fælles gårdhave. Gadeparkering  v/ejendommen. Sydfyns Intranet/Stofa fremført til ejendommen, men ikke inkluderet i lejen. Lejligheden overtages nymalet og i flot, nyrenoveret stand og med nye termovinduer.",https://www.boligportal.dk/lejligheder/svendborg/68m2-2-vaer-id-4114153
"Vesterhavsgade, 7680 Thyborøn  - Stuen",6.500 kr.,0 kr.,90 m²,3,Stuen,Lejlighed,Ja,Ja,Nej,Nej,Nej,Nej,Nej,Ja,N/A,"Møbleret Lejlighed i Thyborøn udlejes
i prisen er der internet og tv pakke med
i prisen er medregnet vand og varme",https://www.boligportal.dk/lejligheder/thybor%C3%B8n/90m2-3-vaer-id-5033483
"Børsen, 9800 Hjørring  - 1. sal",2.900 kr.,650 kr.,23 m²,1,1.,Lejlighed,Nej,Nej,Nej,Nej,Nej,Nej,Nej,Nej,C,"Hyggelig 1 værelses lejlighed på 23 m2 på Børsen udlejes. Tæt på ALT - centrum, skoler og indkøb. Fælles gårdmiljø. Kan evt. overtages tidligere efter aftale med nuværende lejer.

Huslejen er kr. 2900. Fast vandbidrag udgør kr. 300. Varme indbetales aconto kr. 350. El afregnes direkte med elværket. Indskud udgør 3 måneders husleje (kr. 8700).

Har du lyst til at se lejligheden? Så kontakt udlejer på tlf. eller via PB.",https://www.boligportal.dk/lejligheder/hj%C3%B8rring/23m2-1-vaer-id-5294433
"Frisenvænget, 5600 Faaborg  - 2. sal",8.980 kr.,1.620 kr.,114.2 m²,2,2.,Lejlighed,Nej,Nej,Ja,Ja,Ja,Nej,Nej,Ja,N/A,"Moderniseret bolig i Faaborg udlejes!

Det gamle sygehus i Faaborg er omdannet til 40 unikke lejligheder. Alle lejlighederne bliver en del af af en boligafdeling, hvor der både kan blive fællesspisning, strikkeklub, børneaktiviteter eller havefest? Det er op til jer, der flytter ind. I boligafdelingen er der plads til alle generationer, både børnefamilier, unge og ældre, og som beboer er du selv med til at beslutte rammerne for fællesskabet. 

Kontakt os allerede i dag for at komme i betragtning til denne bolig, som har et dejligt stort SVANE køkken,  stort soveværelse, samt stor stue. Slutteligt er der et lækkert badeværelse som opføres i lyse farver med grå-beige klinker. I boligen vil der blive forberedt installationer til hårde hvidevare. 

Indflytningsdatoen er fleksibel og kan ske hurtigst muligt året ud. 

Læs meget mere på vores hjemmeside.  

OBS! Billederne i annoncen er fra vores prøvebolig.",https://www.boligportal.dk/lejligheder/faaborg/114m2-2-vaer-id-5302358
"Jyllandsgade, 9520 Skørping  - 2. sal",3.600 kr.,900 kr.,55 m²,2,2.,Lejlighed,Nej,Nej,Nej,Nej,Nej,Nej,Nej,Ja,N/A,"lejligheden er istandsat, der er græsplæne og parkering",https://www.boligportal.dk/lejligheder/sk%C3%B8rping/55m2-2-vaer-id-5196803
"Søren Møllers Gade, 8900 Randers, Randers C",5.750 kr.,800 kr.,83 m²,3,-,Lejlighed,Nej,Ja,Nej,Nej,Nej,Nej,Nej,Nej,D,"Super pæn lejlighed i stuen i Søren Møllers Gade tæt på Centrum i Randers,
lejligheden er total renoveret nyt køkken og toilet/bad , stor soveværelse med stuklofter og 2 pæne lyse stuer samt flotte trægulve. 
der er vaskekælder i ejendommen og en lille fælles have/gård.
der er depotrum på 10 m2 i kld. 
der kan tilsluttes vaskemaskine på badeværelset.
mulighed for en bord opvasker, hvis det ønskes.",https://www.boligportal.dk/lejligheder/randers/83m2-3-vaer-id-2397300
"Mørdrupvej, 3060 Espergærde  - 1. sal",19.900 kr.,1.925 kr.,128 m²,3,1.,Lejlighed,Nej,Ja,Nej,Nej,Nej,Nej,Ja,Ja,N/A,"Smuk, nyrenoveret 3-værelses lejlighed i to plan, der er højt beliggende i det gamle Espergærde med udsigt over Øresund. Ejendommen ’Radisen’ og er en bevaringsværdig ejendom fra slutningen af 1800-tallet. Ejendommen er meget charmerende, gennemgribende renoveret og inddelt i tre rummelige lejligheder, der henholdsvis er beliggende i stueetagen og 1. og 2. sal. Ejendommen og lejlighederne er renoveret med respekt for det oprindelige udtryk, samtidig med at den moderne komfort er tilgodeset.",https://www.boligportal.dk/lejligheder/esperg%C3%A6rde/128m2-3-vaer-id-5368662
"Rolighed, 4180 Sorø  - 1. sal",5.000 kr.,900 kr.,60 m²,2,1.,Lejlighed,Ja,Nej,Nej,Nej,Nej,Nej,Nej,Nej,N/A,"I centrum af Sorø udlejes denne 2 værelses lejlighed. De 2 rum er stue en suite med flotte trægulve. Lejligheden er helt nyistandsat med nyt køkken. 

Det er ikke tilladt at være registreret i RKI og ikke tilladt at have husdyr.",https://www.boligportal.dk/lejligheder/sor%C3%B8/60m2-2-vaer-id-2964555
"Fynsgade, 8000 Aarhus, Aarhus C  - 4. sal",12.472 kr.,750 kr.,100 m²,3,4.,Lejlighed,Nej,Ja,Nej,Nej,Nej,Nej,Ja,Nej,D,"Med central beliggenhed og tæt på Uni, udlejes denne rummelige 3 værelses lejlighed.

Lejligheden indeholder entré, køkken, rummeligt badeværelse, stor stue samt 2 gode værelser. Fra stuen er der udgang til en altan.  
Der er endvidere adgang til fælles vaskeri i kælderen, kælderrum m.m.

Lejligheden er delevenlig til 3 personer.",https://www.boligportal.dk/lejligheder/aarhus/100m2-3-vaer-id-2969023
